iid,Question,Prediction,Gold,Correct,Runtime
2d18cfd3-7ab1-4ff9-9822-26fcb0544b8b,يوجد برميلين كبيرين وبرميلين صغيرين من النفط يبلغ مجموعهما 26 كجم. وبعد استخدام 2 كجم من الزيت في البرميل الكبير، تكون نسبة وزن الزيت المتبقي إلى الزيت في البرميل الصغير 3: 1؛ فكم كجم من النفط احتوى البرميل الكبير في الأصل؟,C,C,True,1.0317492485046387
2e42824a-d244-4a40-b527-d748ffaec10c,1-0.12 + ( 1/2 ) + 0.34 + ( 1/3 ) - 0.56 + ( 1/5 ) - 0.78 =.,A,C,False,1.0342843532562256
823a7cdd-1729-40b7-903e-fe2ca47d4cf9,( 3/5 ) رقم هو 120 أكثر من 40 ٪ منه، هذا الرقم =؟,D,D,True,1.0241353511810303
d377eb0b-73f6-423d-826b-1917ff6aa039,قرأ صالح كتابًا عن آلة صنع أقلام الرصاص فإذا علم صالح أن هذه الآلة تنتج 132 قلمًا في الدقيقة الواحدة؛ فكم قلمًا تنتج في 5 دقائق؟,C,C,True,1.0285325050354004
eac8ad72-6c5b-40fa-9e14-bc037dadf7e7,أوجد ناتج: 566+788=؟,C,C,True,1.018122673034668
00017eac-f91a-4166-b899-31d3a373c4ac,0.02 ص = 25. أوجد ص,B,B,True,1.0144925117492676
007aee9b-16df-47b4-8f1b-0da572e6afce,( 3/4 ) * ( 5/9 ),A,A,True,1.0232820510864258
00d7ed9d-1990-4d68-9fcc-80268409b876,ناتج قسمة 0.9 على 9؟,A,A,True,1.0102307796478271
02464360-5ae8-48e2-8d33-1b10cdfb4d02,حسب طلاب متوسط درجة الحرارة لعدة أيام، وكان 16 درجة. وبعد المراجعة، وجد أنه عند حساب درجة الحرارة، تم الخلط بين 21 درجة من درجة حرارة طقس معينة على أنها 12 درجة. وبعد إعادة الحساب، كان متوسط درجة الحرارة في الأيام القليلة الماضية 19 درجة؛ فكم عدد الأيام التي قام فيها الطلاب بحساب درجة الحرارة؟,C,C,True,1.019449234008789
03029666-8031-4027-9da9-134acaf50262,أوجد ناتج (3*6)+(2*11),A,D,False,1.0081799030303955
03f15e88-b4a3-4390-91b8-7d20d63d2f6b,تم زرع 20 شجرة برتقال، وكان هناك 60٪ من الليمون أكثر من البرتقال؛ فكم عدد أشجار الليمون المزروعة؟,A,A,True,1.0189893245697021
0484d28e-e770-48ce-872f-8481972d1b22,ما هو قطر الدائرة إذا كان نصف قطرها يساوي 5؟,D,D,True,1.0155527591705322
04c7c6ee-f6b9-4d11-a7d7-31d16d2b0efa,تريد رغد زيارة مدينة الألعاب وهي وصديقاتها. لدخول الجميع، تحتاج رغد إلى 6 تذاكر، ثمن الواحدة 8 ريالات؛ فكم المبلغ الكلي للتذاكر؟,D,D,True,1.020207405090332
0571c24a-8530-462d-8045-627515aaf7b9,إذا كان الذئب يقطع 36 كيلو مترًا في الساعة؛ فكم يقطع في 18 ساعة؟,A,A,True,1.0280647277832031
058e7a99-fa51-48f7-b6a6-31ae07b149ad,يستغرق قطع قطعة من الخشب 32 دقيقة إلى 5 قطع؛ فكم دقيقة ستستغرق قطع قطعة الخشب هذه إلى 8 قطع؟,D,D,True,1.0468347072601318
059bbf1a-9896-409e-b429-3af1d221399c,تبلغ المسافة بين مدينتي جدة ومكة ذهابًا وايابًا 158 كلم، فإذا كان فهد يقطع هذه المسافة 6 مرات في الأسبوع، فما المسافة التي يقطعها في الأسبوع؟,A,B,False,1.0102715492248535
06669f62-20c5-480f-a5e3-7f774c17bc84,في مكتبة المدرسة 18 طالبًا؛ فإذا كان 6 منهم يقرؤون قصصًا تاريخية، فما عدد الطلاب الذين يقرؤون أصنافًا أخرى من القصص؟,C,C,True,1.0058441162109375
06ffba37-ac38-4f64-ad14-37cb5dcd4aac,وزعت أم قطعًا من البسكويت على أولادهًا الثلاثة فإذا أخذ كل فرد 5 بسكويتات؛ فكم عدد البسكويت؟,D,D,True,1.0102510452270508
08009216-8a48-4d53-bc45-05ed95395838,ل=12 فأوجد 3ل؟,C,A,False,3.3722550868988037
08e51989-a46f-48a0-80d5-c74f31814f38,تبلغ سرعة حشرة 3 كيلومترات في الساعة، فإذا قطعت مسافة 30 كيلومترًا؛ فكم ساعة استغرقت؟,D,D,True,1.0123662948608398
091bec35-9769-41fb-bf28-0bf77ba1a5ad,اشترك عدد من العمال في زرعة حديقة أحد المنازل، فعمل كل منهم 4 ساعات يوميًّا ولمدة يومين فإذا كان مجموع ساعات العمل لهم جميعها هو 24 ساعة؛ فكم عاملاً شارك في زراعة الحديقة؟,D,D,True,1.0076344013214111
095c510a-ec15-4fb5-88e7-8ff7012307b4,يقرأ محمد كتابًا يحوي على 285 صفحة، فإذا قرأ 24 صفحة يوم الاثنين، و37 صفحة يوم الثلاثاء، و41 صفحة يوم الأربعاء؛ فكم صفحة بقيت له؟,B,C,False,1.0087287425994873
097cb8f5-c4e0-408c-83aa-dde5a77c58e5,يكسب ناصر في الساعة 22 ريالاً؛ فكم يكسب في 4 ساعات؟,C,C,True,3.0081400871276855
0a754a62-8021-4d33-834c-599c8bcd010e,إذا كانت أطوال أضلاع مثلث تساوي 98 قدما، 64 قدما و 45 قدما. ما هو المحيط؟,A,A,True,1.0184175968170166
0abcfde3-d8fc-4b53-a067-34df0bb66a39,لدى هيفاء 4 رابطات شعر صفراء، 16 رابطة حمراء، و2 بيضاء، و14 خضراء؛ فكم رابطة شعر لديها؟,A,C,False,1.0175528526306152
0acc3919-1231-407e-ae84-c719023b5b7b,اصطف الطلاب في صف. إذا ترتيب مريم من اليمين هو 15. ومن اليسار ترتيبها هو 7. فكم طالبا اصطفوا؟,A,D,False,1.0215709209442139
0ae4b033-989b-4c67-b997-a21ec0ed436b,وزع أحمد30 كرة صغيرة في 5 أكياس؛ فكم كرة وضع أحمد في كل كيس؟,A,A,True,1.0183589458465576
0b74f46f-5db4-4adc-ae77-ba5a259d9ff9,ولدت والدتي في 8 أبريل 1976، إن أرادت أن تتقاعد عند بلوغها 55 عاما، ففي أي عام يجب أن تتقاعد؟,C,C,True,1.018366813659668
0ba008ef-1123-484e-be20-516c37ae85a5,بلغ عدد طلاب المدرسة الابتدائية 640 طالبًا في العام الماضي، وهو ما يمثل زيادة (1/8) هذا العام مقارنة بالعام الماضي؛ فكم طالبا إضافيا قدموا هذا العام؟,A,A,True,1.0237865447998047
0c7076a6-5a92-4f85-99d1-1fae69e6ec19,أوجد ناتج: 32*9=,A,A,True,1.012497901916504
0c7cfb91-384b-4997-84f5-7fda85a47ecf,إذا كانت القارورة الواحدة تسع لـ5 لترات من الماء؛ فكم لترًا من الماء في 3 قوارير؟,D,D,True,1.015582799911499
0c943416-19ba-4d5a-a7f1-fc1cd0c8edff,احسب الفرق بين 9.8 و5.4 مجموعا مع 5.6، المجموع الناتج مقسومًا على 0.5 .,B,B,True,1.021378755569458
0dbf2be3-971a-4ae2-b203-6ab0b22f1639,يوجد 325 فتى في الصف الثالث، أي أقل ب 29 من عدد الفتيات، كم عدد الطلاب في الصف الثالث؟,A,A,True,1.0270512104034424
0e01d8ad-09d9-4c8f-9ecf-3a0c91fc7d9e,أوجد ناتج: 78 قسمة 3-5,B,B,True,1.0212652683258057
0e58bc27-06fa-4e2b-b75c-5c65a2a33cab,الفرق بين عددين وحاصل قسمتهما أيضا يساوي 6. إذن؛ فما هو مجموعهما؟,A,D,False,1.0372748374938965
0e59eda0-f5c4-45c2-8b54-eb7358b9573f,أوجد ناتج الضرب 5*6+9=,C,C,True,1.009169101715088
0e79a50c-5e7f-4eb9-a233-21287fcebc31,يستعمل والد راشد هاتفه المحمول 275 دقيقة شهريًّا؛ فكم دقيقة يستعمل والد راشد هاتفه المحمول في سنة؟,C,B,False,1.0434203147888184
0ebba259-a8b5-4242-a3f3-4993c32e7486,اوجد س: 3 س -4.8 يساوي 4 في 0.3,A,C,False,1.0195486545562744
0fd9b378-6332-43e2-b7bf-4da4e3d9bcd4,اشترى رجل أعمال أرضا بمساحة 9500 متر مربع، ويريد أن يجعل 30٪ من مساحتها مواقف للسيارات. فكم مترا مربعا مساحة المواقف؟,D,D,True,1.0259466171264648
0ffac675-85c1-467f-bf18-3931926b91fe,ناتج 413 * 22 ناقص مجموع 87 و 125 =؟,B,C,False,1.0252532958984375
10343a05-26e8-48e0-a0a4-e8b801261cab,اشترت زهراء 5 برتقالات، وتحتاج إلى برتقالتين لعمل كعكة برتقال واحدة، وتريد عمل 6 كعكات؛ فكم برتقالة ينقصها؟,C,D,False,1.0201690196990967
10ad8041-71c9-417f-bbc3-ffb2702af96d,كم تساوي 3 م بعد تصغيرها بمقدار (1/3)؟,C,C,True,1.0013995170593262
1173bb78-eb29-465a-a743-fb2527cb91f7,أوجد ناتج: 4000-3631=؟,A,D,False,1.0003349781036377
12020c0e-ed0c-48cc-b502-ef814450d2f4,الفرق بين 0.9 و ( 3/5 ) بالإضافة إلى حاصل 1/1.25=؟,A,A,True,1.0098395347595215
121df491-0a77-42ec-8db6-f2a0676b1024,أوجد ناتج: 40*3-95=؟,A,C,False,1.0004582405090332
12744f22-a2ab-4dc3-a144-691489c8d3b5,( 3/8 ) كومة بطيخ تزن 450 كجم، وإذا تم بيع ( 1/4 ) منها، فكم عدد الكيلوغرامات المشتراة؟,D,D,True,1.0168497562408447
129615c4-bea1-4305-91c8-c7841cdf576d,يبلغ عدد طلاب في إحدى المدارس 235 طالبًا. وفي مدرسة أخرى 400 طالب؛ فكم يجب أن يزيد عدد الطلاب في المدرسة الأولى ليستوي مع المدرسة الثانية؟,B,B,True,1.0070364475250244
129c8dc5-73bb-4b2c-86a8-01ce757ed7cd,انتجت مزرعة جيراني 64 كجم من التمر، بينما أنتجت مزرعتنا 28 كجم من التمر. إذا وضعت الكميتان في 4 سلال، فكم كيلوجراما تزن كل سلة؟,B,C,False,1.0091698169708252
12a98f36-f3e9-4dbf-9564-baba6e78c8ac,أوجد ناتج: 656*3=,A,A,True,0.9979879856109619
12cef028-5989-4bbc-b928-a982ba678b83,أنفقت مزون 120 ريالا لشراء 3 صناديق من التفاح، كم يكلف كل صندوق من التفاح؟,A,A,True,1.004730224609375
1402206a-e92e-48e5-b54a-670df9f14677,أوجد محيط الدائرة إذا علمت أن طول القطر هو 15.4 سم.,A,A,True,1.0076899528503418
14abce22-5584-47a8-9027-29ff81d79763,تبرع 24 طالبا في الصف الخامس بما مجموعه 1200 ريال، وتبرع 16 طالبا في الصف السادس بمبلغ 1080 ريالاً؛ فكم عدد الريالات التي تبرع بها كل طالب في المتوسط؟,C,A,False,1.0128843784332275
157af6c7-f291-4463-9540-f4e37356a271,أوجد ناتج: 25*7-18,B,C,False,1.0227653980255127
15d3d593-a687-47cd-ac43-470211989549,في النصف الأول من مباراة كرة سلة أحرز سعود 14 نقطة، وفي نهاية المباراة كان مجموع النقاط 36 نقطة، أوجد النقاط التي أحرزها في النصف الثاني من المباراة؟,C,C,True,1.029236078262329
15f2537b-1a31-4ed6-81e3-53d42f0a16bb,غرس الصف الخامس 120 شجرة. وغرس الصف السادس 80٪ مما زرعه الصف الخامس؛ فكم عدد الأشجار التي زرعها الصف السادس؟,D,D,True,1.018691062927246
15f41b07-ae96-4558-a915-1f6105664bb0,السعر الأصلي لمنتج معين هو 50 ريالاً، ولكن صار السعر 56 ريالاً بعد تعديل السعر؛ فما هي نسبة ارتفاع سعر هذه السلعة؟,D,D,True,1.0290591716766357
167b0b93-5972-46b2-964e-259a0137c06c,تحتاج خولة إلى 3 أيام لتنهي قراءة كتاب، فإذا كان عدد صفحات الكتاب 348 صفحة؛ فكم صفحة ستقرأ كل يوم؟,C,C,True,1.0346567630767822
167ef093-70a8-4433-8155-66109d78f9a6,اليوم أصبح مع فاطمة 36 قلمًا، وقد كان معها بالأمس نصف هذا العدد زائد ثلاثة؛ فكم كان معها بالأمس؟,C,C,True,1.0213406085968018
16afdde2-3ab2-4204-87a8-75d45e1ab0d8,أوجد ناتج: 900 مضروبة في 2 مقسومة على 4=,B,B,True,1.0236146450042725
16ca26fc-1248-4831-a694-d42708f167f8,مع ضحى 8 وردات وأعطاها أحمد3 وردات؛ فكم وردة مع ضحى؟,B,C,False,1.0113978385925293
1721218a-ea20-49a4-9b4f-f86d9bdc4cb6,( 2/5 ) رقم + 2.8 يساوي 12.8، ابحث عن هذا الرقم.,D,D,True,1.0235803127288818
1773c275-1cf5-40ed-b597-6e05c133d4da,يبلغ طول الطريق السريع 160 كيلومترًا، ويبلغ طول طريق الخدمة 200 كيلومتر. إذا كان حد السرعة في الطريق السريع 80 كم / ساعة، وحد السرعة في طريق الخدمة 40 كم / ساعة؛ فكم ساعة توفر عند استخدام الطريق السريع مقارنة بطريق الخدمة؟,C,C,True,1.0290274620056152
17f28c5e-4e57-45cb-a9d8-7d3d5fcbc90d,مجموع 360 + 300 مقسوما على الفرق بين هذين الرقمين، النتيجة =؟,B,B,True,1.0262603759765625
17f3b27e-285e-4df2-ab04-3d124c2438ce,اشترى أبي بعض البرتقال، وبعد تناول 26 برتقالة، بقي 9 برتقالات؛ فكم برتقالة اشتراها أبي؟,B,B,True,1.0328574180603027
1858f775-3840-41b0-bebf-b519ed8f9b0e,تبلغ مساحة دائرة 19.75 متر مربع. أوجد طول قطرها.,C,A,False,1.0348005294799805
18e1472c-729f-4300-9434-1c6f3db504a0,أوجد ناتج 175-28+31=,C,D,False,1.0285634994506836
19a1e42b-68c0-4a40-b0a1-4bf9465a9879,طول الخط السريع بين الرياض والدمام 424 كيلومترًا. إذا انطلقت سيارتان باتجاه بعضهمها، واحدة من الرياض والأخرى من الدمام في نفس الوقت. وكانت سرعة السيارة الأولى 110 كم في الساعة، بينما سرعة السيارة الثانية 102 كم في الساعة. فبعد كم ساعة ستلتقي السيارتان؟,C,B,False,1.030310869216919
19be5d58-5540-4bc1-ad8d-0775ee215149,قدم مسبح عرضًا للرجال بحيث يصبح ثمن تذكرة الدخول يوم الثلاثاء 10 ريالات للشخص الواحد فإذا دخل المسبح في ذلك اليوم 430 شخصًا؛ فكم ريالاً سيكون إيراد المسبح في ذلك اليوم؟,A,A,True,1.0411956310272217
1a006f19-26fd-49e4-a352-a15bdf55f0ab,تريد وزارة الكهرباء تمديد خط كهرباء طوله 7200 متر، وبعد 3 أيام ما زال هناك 2400 مترمتبقية؛ فكم مترًا يتم تمديده في اليوم؟,C,C,True,1.024975061416626
1a0fd32c-2abc-42df-8807-833af8009e61,اشترت سمية 3 موزات ثم أعطاها والدها 5 موزات أخرى؛ فكم عدد الموزات التي تمتلكها؟,C,C,True,1.0055646896362305
1a890679-047d-4560-8eb2-05afb561639d,ذهبت سديم إلى المكتبة واشترت كراسة ب 13.2 ريالا، كما اشترت موسوعة النباتات، وكانت الموسوعة أغلى بـ 9.27 ريالا من الكراسة. كم أنفقت سديم في المكتبة؟,D,D,True,1.0198407173156738
1a91d958-2ffe-4f2b-adaa-e342e4af69dc,تتكون إحدى البنايات من 9 طوابق فإذا كان ارتفاع كل طابق منها 3 أمتار؛ فكم ارتفاع البنايات؟,A,D,False,1.0168242454528809
1ac981d9-d2ee-4ee1-b0f0-86a7ae38a8c6,تحتوي مكتبة المدرسة على 480 كتابًا روائيًّا، أي ثلاثة أضعاف عدد الكتب الأدبية؛ فما هو عدد الكتب الأدبية؟,C,C,True,1.0162243843078613
1b06af00-981c-45fc-9282-34d70129a552,20 في ( 6/7 ) في ( 7/15 ) =؟,C,C,True,1.0086169242858887
1b1e3f66-687b-4260-8423-a2d7b1a1abe6,مقياس 10 أمتار، بعد تخفيضه ب ( 1/10 ) = ,B,B,True,1.0112674236297607
1b47cf08-0783-4581-adf3-6a0593dc1d1c,على الشجرة 5 طيور انضم إليها 6 طيور أخرى، فما عدد الطيور على الشجرة؟,C,C,True,1.0129199028015137
1b59170d-706b-4af3-a3d6-9a1ba6075046,لدى عائشة كلب يزن 10 كيلو جرامات وقطة تزن 5 كيلو جرامات؛ فكم يزن كلّ من الحيوانين الأليفين؟,B,C,False,1.0177760124206543
1b73df2d-7544-4103-b728-1f040ae6e2b4,أوجد ناتج: 789 طرح منها 100؟,B,B,True,1.0147502422332764
1b7f19bf-b9bd-450b-8fb9-3ea545d7a730,إذا كان عدد طلاب الفصل 30 طالبًا، وغاب منهم اليوم 8 طلاب؛ فكم طالبًا في الفصل اليوم؟,D,D,True,1.0336403846740723
1c33c038-c3bc-478b-ba42-a08137d75617,60 في ( 2/5 ) في ( 1/12 ) =؟,B,B,True,1.0363719463348389
1c561285-3c9c-4789-8585-ea8a2cc4ff6d,يوجد 5 ظروف متوسطة في ظرف كبير واحد، و6 ظروف صغيرة في كل ظرف متوسط؛ فما هو العدد الإجمالي؟,A,C,False,1.0042328834533691
1c64d5e7-44bb-4f5d-a4f2-9622b0bf63c2,زار واحة العلوم 1200 طالب على مدار 4 أيام؛ فكم طالبًا زار الواحة في اليوم الواحد؟,C,C,True,1.0120022296905518
1c79b89b-2d2c-4d4c-b6c6-57588d69fffa,أوجد ناتج: 50 قسمة 2-9,A,D,False,0.9992032051086426
1da8e41e-4b28-434e-9d56-023f891fcc59,أوجد ناتج: 100 قسمة 4-1=؟,A,A,True,0.999964714050293
1ddf6da8-895d-4cd8-a3ab-02c687d5e23e,77.777* 222.22 + 22.222* 333.33 - 3.3333* 4444.4 =.,B,B,True,1.0111656188964844
1df11663-6638-4562-b119-c88606835dc8,أنهى محرر تدقيق ( 5/8 ) الكتاب، ولم يدقق 36 صفحة، فكم صفحة في هذا الكتاب؟,A,A,True,1.009748935699463
1e1c8b6e-7f1e-4f76-b869-c6e37826730c,لدى منى ورقتان من فئة 5 ريالات، ولدى أخيها خالد و3 أوراق من فئة 10 ريالات وقطعتان نقديتان من فئة الريال الواحد؛ فما مجموع ما لديهما؟,B,D,False,1.005695104598999
1e3124d5-0ba5-4897-8e85-8679fff07b70,12 * 0.5 =.,D,D,True,1.0042705535888672
1e66ecb9-22bf-4b91-9d5a-ee5e132b9b8c,رقم زائد 24 هو نفسه ضرب 3، إذا هذا الرقم =.,D,D,True,0.9998683929443359
1e91a9e5-5f74-4e84-a670-fe1292a08272,لدى بقال 4 صناديق برتقال في كل صندوق 30 كيلو جرامًا فإذا كان ثمن الكيلو جرام الواحد 5 ريالات فما ثمن البرتقال كله؟,A,A,True,1.0286669731140137
1f171ea5-5fa4-49b2-ae98-39cc6e16dede,اشترى السوبر ماركت 12 صندوقًا جديدًا من المنظفات، 28 زجاجة في كل صندوق؛ فكم عدد زجاجات المنظف التي اشتراها السوبر ماركت إجمالاً؟,C,D,False,1.040179967880249
1f66c1ec-3f06-4ec1-8e6e-0733f316ea67,أوجد ناتج 96-30+12=,B,B,True,1.0050690174102783
1fc6c2e8-ffce-4283-83ec-f1e01a54f1c1,على رفوف إحدى البقالات، يوجد في الرف الأول 8 علب، وفي الرف الثاني 48، وفي الرف الثالث 4 علب، فما العدد الكلي للعلب؟,B,D,False,1.0066781044006348
2042b7dd-d272-483c-a6cd-a07619a9f275,أوجد ناتج: 990 مقسومة على 3=,C,C,True,1.0047252178192139
20bc8152-fdea-4dcd-8915-ff88b4cfe29d,جمع أحمد 15 أحجار من الشاطئ ألقى 6 في الماء؛ فكم حجرًا تبقى مع أحمد؟,C,C,True,1.019111156463623
20e8e418-54f7-4aa3-a67d-043057bf529f,شجرة صبار طولها 457سم، ويبلغ طول أعلى شجرة صبار في العالم 5 أضعافها؛ فكم يبلغ طول أعلى شجرة صبار؟,B,D,False,1.0130395889282227
21defaad-bc13-416d-a372-012b177a356e,6 طلاب اشترى كل واحد منهم 5 قطع شكولاتة، فإذا أكل كل واحد منهم 3 قطع؛ فكم بقي معهم؟,A,C,False,1.0081806182861328
226d04b9-6985-4ba9-8856-639e21f0650f,لديك كعكة طولها 18 سم تريد تقسيمها إلى قطع طول الواحدة منها 3 سم؛ فكم قطعة سيصبح لديك؟,A,A,True,1.0095832347869873
236f4b21-b264-4dbe-a066-780da63b425c,أوجد حاصل 8- (4/9) / (1/3) مضروبًا في (4/5)؟,D,D,True,1.0107152462005615
238915ba-1caf-4283-abb3-04e0394e59da,رقم إذا طرحنا منه 25 كان الناتج 52. فما هو هذا الرقم؟,A,B,False,1.001237154006958
249b5b45-f923-4037-869e-b7a9eff7e136,يستغرق قطع قطعة من الخشب 12 دقيقة إلى 3 أقسام؛ فما هو عدد الدقائق التي يستغرقها قطع قطعة من الخشب إلى 6 أقسام؟,B,B,True,1.0166981220245361
24e1885e-1b51-4e3a-bbdd-e61d590b7594,إذا كان عدد التذاكر المبيعة لمباراة كرة الماء في ثلاثة أيام 450 تذكرة، حيث بيع منها 150 تذكرة يوم الأربعاء و50 تذكرة يوم الخميس؛ فكم تذكرة بيعت في اليوم الثالث؟,C,C,True,1.0483531951904297
25008ee2-7bce-4a66-80eb-d92ee669ff4d,توفر ريم 99 ريالاً في الأسبوع؛ فكم ستوفر في 6 أسابيع؟,A,A,True,1.0113506317138672
25432f51-e659-4965-b2b8-e0a36a6122b5,إذا كانت مساحة الدائرة تساوي 57.9، أوجد المحيط.,B,C,False,1.010784387588501
2649842f-050f-4623-8040-75b96eb9fd27,لدى مريم وشاح من القماش طوله 35 مترًا وتريد قسمته 5 أجزاء متساوية في الطول؛ فكم مترًا يكون طول الجزء الواحد؟,C,C,True,1.0057704448699951
27f8e22d-6051-48a7-b1fa-9e45325049eb,بلغت مبيعات متجر في أسبوع 10000 ريالاً؛ فكم تبلغ في 4 أسابيع؟,B,B,True,1.0073542594909668
28664ad7-e951-4fb3-b2f0-39a2663f96d6,في مسرح المدرسة 6 صفوف من المقاعد في كل صف 10 مقاعد؛ فكم شخصًا يسع المسرح؟,A,B,False,1.0007340908050537
28948f47-e810-4398-9518-04be798c01da,كان في غرفة التربية البدنية 9 طلاب غادروا جميعهم إلى الملعب؛ فكم بقي في الغرفة؟,D,D,True,1.0115280151367188
28ae6f4b-84f6-4f3a-a3d8-a45f66bbd761,بعد قسمة 0.24 على عدد، كان الناتج 9.6، والباقي 2.4. فما هو العدد؟,A,A,True,1.0129783153533936
2925ca4a-76c4-4064-9e62-5ab05acfec6c,إذا كان في الحديقة 16 يلعبون بالمراجيح، و18 يلعبون بكرة القدم؛ فكم عدد الأطفال الذين يعلبون؟,B,B,True,1.0104420185089111
2935fdbe-27f2-464d-a888-590173e159ae,كان طول الحبل 176 مترًا، وتم قطع 46 مترًا لأول مرة و 44 مترًا للمرة الثانية، وفي هذا الوقت، كم مترا هذا الحبل أقصر مقارنة بطوله الأصلي,B,B,True,1.0094585418701172
293c7ee5-aa67-4b3f-b764-965a70fca0d0,نتيجة حساب المعادلة 143 * 21 * 4 * 37 * 2 =.,A,A,True,1.0089199542999268
299b1371-866f-4ad9-948c-cf6a8ff8fe1d,لدى أسماء 42 تفاحة قامت بوضعها في 6 أطباق بالتساوي؛ فكم تفاحة وضعت في كل طبق؟,D,D,True,1.0155816078186035
2b18fa65-9e15-4504-9e52-8e59291df64a,تبلغ مساحة شنغهاي 5800 كيلومتر مربع، أي 12000 كيلومتر مربع أصغر من بكين. فما هي مساحة بكين؟,A,A,True,1.0269553661346436
2b78512b-e1fd-488e-8743-ae117174817f,صُنبور تقطير يهدر 17 كجم من الماء في اليوم، والحمَام المسرِب يهدر 96 كجم من الماء يوميًّا. وفقًا لهذا الحساب؛ فكم كيلو جرامًا من الماء سنويًّا يضيع من الصُنبور والحمَام المسرِب؟ (بناءً على 365 يوم في السنة).,C,B,False,1.0166175365447998
2b7995ba-43bd-4608-b04c-6723e8e7ab2b,لدى حفصة 9 قصص وأعطتها هدى 4 قصص؛ فكم أصبح معها؟,C,C,True,1.0132510662078857
2bde67a2-5e5e-42c6-bd2e-3a97fe7b5e02,في مزرعة فارس 334 شجرة فاكهة وفي مزرعة نايف 357 شجرة فاكهة؛ فما مجموع أشجار الفاكهة في المزرعتين؟,A,A,True,1.0102078914642334
2c07ef8a-1729-4f76-bdbe-aff0500a2a21,قرأت هنوف 35 صفحة من الكتاب يوم الأحد، و23 صفحة يوم الاثنين، وبقي6 صفحات دون قراءة، فما عدد صفحات الكتاب الكلية؟,A,D,False,1.0087049007415771
2c79793c-3879-4b0d-8cf3-d439616fd977,لدى عهود 30 طابعًا، ولبنى لديها 10 أقل من 4 أضعاف عدد الطوابع التي لدى عهود. فكم عدد الطوابع التي تمتلكها لبنى؟,C,C,True,1.0063209533691406
2cc89918-4686-4c1a-a64a-48ec2226daf0,وزع سعيد 3000 ريالاً على ثلاثة فقراء بالتساوي، فما نصيب كل واحد منهم؟,C,C,True,1.009272575378418
2ced44e2-c6da-4250-ab0b-fed8483ded9d,45 هي أكثر بنسبة 20 ٪ من س، ما قيمة س؟,D,D,True,1.0121488571166992
2cf28b68-b48b-4224-ab51-4c3656c7b8d2,جمعت سناء عدد من الطوابع يزيد بـ15 عن عدد طوابع سهام، فإذا جمعت سهام 10 طوابع؛ فكم عدد الطوابع التي جمعتها سناء؟,A,C,False,1.0079667568206787
2d74691b-8a25-4e97-9ee6-5a7d18f9182d,ذهب خالد إلى السوق فاشترى ثوبًا بـ182 ريالاً وشماغًا بـ85 ريالاً وحقيبة لجهازه المحمول بـ167 ريالاً؛ فكم دفع ثمنًا لجميع مشترياته؟,A,A,True,1.0215535163879395
2d7dcae8-3ded-4b20-a9be-24e45f5b344c,أوجد ناتج ضرب 29*16=,C,C,True,0.9984176158905029
2dd88125-3ddf-461b-a2b3-3f92f437000c,ثمن تذكرة دخول المتحف للكبار 4 ريالات وللصغار 3 ريالات، حدد ثمن 6 تذاكر للكبار، وتذكرتين للصغار؟,C,A,False,1.0256898403167725
2e4574c2-5408-465c-8e14-d935837305f9,حاصل 6.79 / 0.15 هو 45 والباقي =.,B,A,False,1.0229687690734863
2eac4939-2432-4fc2-b645-04341ee98fb2,شاركت 50 طالبة من الصفين الرابع والخامس في رحلة إلى المتحف الوطني؛ فإذا كان من بينهن 36 طالبة من الصف الرابع، فما عدد طالبات الصف الخامس اللاتي شاركن في الرحلة تقريبًا؟,A,A,True,1.0222363471984863
2eadcf38-a082-4f0b-8ec9-38c9c99da7f2,تريد سحر أن تشتري قطعة قماش فإذا كان ثمن القطعة 15ريالاً، وكان لديها 60 ريالاً؛ فكم قطعة يمكن أن تشتري؟,B,B,True,1.0092906951904297
2eb222c9-6cf8-40e5-960a-eab0d0529bae,بعد بيع جهاز التلفزيون ب 0.8 ثمنه الأصلي، صارت قيمته 960 ريالاً، ما هو السعر الأصلي لجهاز التلفزيون هذا؟,C,C,True,1.0061380863189697
2fd620ac-3fa0-4ade-a934-dab3074d012d,( 19/20 ) - ( 13/20 ) ناقص ( 1/5).,B,B,True,1.0095617771148682
30cbd905-4da5-4680-b2e4-2c206437e88e,أوجد ناتج ضرب217*4=؟,A,A,True,0.9977011680603027
31557231-ac6b-4e5d-a46c-24ec4526a24e,يتكون دفتر صور من 17 صورة في كل ورقة، فإذا كان عدد الورق في الدفتر 16؛ فكم صورة في الدفتر؟,C,C,True,1.0078625679016113
31d576bd-fa83-4441-a8dc-39fbf908519a,قرأت هنوف 35 صفحة من الكتاب يوم الأحد، و23 صفحة يوم الاثنين، وبقي 6 صفحات دون قراءة، فما عدد صفحات الكتاب الكلية؟,B,A,False,3.3695144653320312
320cf1fe-ee41-4e82-965a-1e2aa74dec07,ما هي مساحة الدائرة التي يساوي محيطها 29.35 ملم؟,B,D,False,1.021583080291748
3368df6c-9f40-48f8-a421-54c1ab051ee8,( 3/4 ) رقم هو 60، إذا ( 3/5 ) من هذا الرقم =.,B,B,True,1.0178956985473633
33f285fc-1856-4c82-8871-7d97f0fa2e06,مع عمران 7 كرات قدم، واشترى كرتين جديدتين؛ فكم كرة مع عمران الآن؟,A,A,True,1.0037908554077148
340e31b8-3dec-4165-946d-b8ec7c9129c5,هناك حبلان طول الأول 16.2 متر أي ضعف طول الثاني؛ فما طول هذين الحبلين معًا؟,B,B,True,1.0072925090789795
3454d6c8-f746-4735-ba0e-889013b5a5d5,مزرعة بها 520 إوزة، وعدد البط هو 200 أقل من ضعف عدد الإوز؛ فكم عدد البط؟,B,C,False,1.0146028995513916
345e0084-08d3-4267-bb46-cd358f1226cd,إذا قسمنا رقما على 8، كان الناتج 16 والباقي 2، هذا الرقم =.,C,A,False,1.003066062927246
34e86282-7d76-43d0-be9a-61d1c6ff89e7,الفرق بين 156 و 44 مضروبا في مجموعهم =؟,A,D,False,0.9922232627868652
358a6e9d-aac9-465e-a27d-b124c1e37e54,( 2/5 ) عدد = 26، أوجد العدد,A,A,True,0.9947307109832764
35d8b46c-62c7-4ccc-99ea-b6829fb51b2d,أوجد ناتج الضرب 24*3؟,A,A,True,0.996100902557373
35f89fdb-9e70-40a0-9acd-1f068a22cebc,قرر مدقق تدقيق 80 صفحة يوميا لانهاء الكتاب في 12 يومًا. لكنه فعليا قام بتدقيق 40 صفحة إضافية يوميا؛ فكم يوما استغرق للانتهاء؟,B,B,True,1.0073182582855225
3650ef0a-1f03-4830-a824-f566e2edb466,الكتاب يتكون من 70 صفحة، كل صفحة بها 20 سطرًا وكل سطر يحتوي على 25 كلمة؛ فكم عدد الكلمات تقريبًا في هذا الكتاب؟,B,B,True,1.004030704498291
3695c71a-eca9-4f87-ba53-bef9402f8f38,تدخر ليلى جزءًا من مصروفها لشراء خاتم بـ119 ريالاً وساعة بـ67 ريالاً؛ فكم تحتاج من مبلغ لشراء الخاتم والساعة معًا؟,A,C,False,1.0111238956451416
369e543f-1f59-42b2-892d-771a1bcd882d,وزع محمد 20 كرة صغيرة بالتساوي في 5 أكياس؛ فكم كرة في كل كيس؟,D,D,True,1.0204808712005615
36a2232c-fd81-4ea3-b7cc-47206a44cfc3,(8/9) من الرقم ب يساوي الرقم أ . الرقم أ هو 32، فما هو الرقم ب=.,C,C,True,1.0329761505126953
3875590c-3b81-4ec7-b172-4b7f01319796,أوجد ناتج: 52*3-85,A,C,False,1.0160627365112305
38bea6ff-8b02-4418-bf3a-7c7b543be91a,التقط عمر 56 صورة يوم الاثنين، ومزيدًا من الصور يوم الثلاثاء، فإذا كان مجموع ما التقطه 71 صورة؛ فما عدد الصور التي التقطها يوم الثلاثاء؟,B,A,False,1.0083398818969727
38fabd6a-0c68-477b-b94c-e9e6b7e22b5c,رقم أقل ب 9 من 5 أضعاف 38. أوجده,A,C,False,0.9972569942474365
3926f1f1-dbf4-45be-b473-f3397c8cc225,يوفر سليم 8 ريالات كل شهر. بعد الادخار لمدة 9 أشهر، يتبقى لديه 7 ريالات بعد شراء سكوتر؛ فما هو سعر السكوتر؟,C,A,False,1.0046238899230957
393a7e37-2c27-4d9f-a4b2-82873ec661ea,ن مقسوما على 2.7 يساوي 0.08. ما هي قيمة ن؟,A,D,False,1.0063598155975342
3981e273-b32d-4765-99a3-4f15bba8d4c9,طول الحبل 36 مترًا، إذا تم قطع ( 1/4 ) منه، كم متر تبقى؟,A,A,True,1.01389741897583
3991b1c0-cd4e-44d4-b653-4b1f871c76d8,يريد ساعي بريد أن يُسلِّم خطابات إلى 76 منزلاً. في الشارع الأول، سلَّم ساعي البريد خطابات إلى 28 منزلاً، وفي الشارع التالي سلَّم خطابات إلى 15 منزلاً؛ فكم عدد المنازل المتبقية؟,C,C,True,1.013502836227417
39b4c4b3-95db-43e4-9e3f-e0d320f13962,اشترى خالد صندوقين من علب الجبن في كل منهما 5 صناديق صغيرة، ويحوي كل صندوق صغير 10 علب؛ فما عدد العلب الذي اشتراها خالد؟,B,B,True,1.0081775188446045
39c7191a-410b-4928-825e-aafe73fd304f,أوجد ناتج ضرب 98*83؟,D,A,False,1.0018339157104492
39e4aeaa-1fbd-4b18-ac04-1d0678dafbde,حاصل ضرب 16 و1.25 مطروحًا منه مجموع 2.6 و1.7؛ فما الفرق؟,A,D,False,1.0199649333953857
39fa4525-f472-4c8c-9c1c-2d9a8b661bde,أوجد قيمة س: 3س=60,B,B,True,1.0062940120697021
3b3e0556-0f9c-4872-86a1-5f6e360f7356,أوجد ناتج (7*3)+(9*8)=,A,B,False,0.9934608936309814
3b6f2d57-1db5-4541-b2ad-c56512ae6e36,إذا كان الذئب يقطع 43 كيلو مترًا في الساعة؛ فكم يقطع في 12 ساعة؟,B,D,False,0.9952127933502197
3ba489e3-63c9-4118-a6d9-ca454dfe5de4,أوجد ناتج: 30*100=,C,C,True,0.9954245090484619
3c2203cf-11db-4b81-a1c2-29c6f1bc5778,يحتوي البرميل على بعض الزيت، ويستخدم 60٪ منه أي 48 كيلو جرام بالضبط؛ فكم كيلو جرام من الزيت في البرميل الأصلي؟,A,A,True,1.004239797592163
3c3e08e1-d861-4b33-b44c-a90f6d0f5595,دفع سامر 30 ريالاً لشراء مجموعة من الألعاب المتماثلة فإذا كان ثمن اللعبة 5 ريالات؛ فكم لعبة اشترى؟,B,B,True,1.0051038265228271
3ce721fd-9ab2-4310-8e2c-5f2a2f8a5654,تبلغ المسافة بين مدينتي جدة ومكة ذهابًا وايابًا 145 كلم، فإذا كان فهد يقطع هذه المسافة 5 مرات في الأسبوع، فما المسافة التي يقطعها في الأسبوع؟,B,C,False,1.0100066661834717
3d256033-2882-4d63-a8ca-32b0bb23934e,وقف على الشجيرة 4 فراشات طارت واحدة منها؛ فكم فراشة بقيت؟,D,D,True,1.0077292919158936
3d3b9a5b-4b05-4675-8b58-71ef3cdbb1f2,على الرف يوجد 17 كتابًا؛ فكم كتاب يجب أن نضيف حتى يصبح عليه20 كتابًا؟,B,B,True,1.0068156719207764
3d6f9827-33cd-4031-b4fa-9441a2e5979f,أوجد ناتج 47*2-6؟,A,A,True,0.9976620674133301
3d8d8ced-5a11-46ed-a6bf-a84ba2a76a50,لدى هند 36 قلمًا، فإذا أعطت صديقتها 16 قلمًا؛ فكم قلمًا بقي معها؟,B,B,True,1.0018258094787598
3e2b22ae-81c3-4fd9-bc2e-63396150dcd0,اشترت سعاد 5 أكياس خبز، في كل كيس 13 رغيفًا؛ فكم رغيفًا يوجد في كل الأكياس؟,B,D,False,1.0114636421203613
3ea5db3d-2020-45a0-9aa7-3f52eaa59633,يريد مصنع انتاج 240 جهاز تلفزيون، تم إنتاج 96 جهازًا في أول ساعتين أي أكثر بـ0.4 ساعة من المتوقع؛ فما هو متوسط عدد أجهزة التلفزيون التي يتم إنتاجها في الساعة لإكمال المهمة المتبقية؟,B,B,True,1.021235704421997
3eca1187-84e1-480b-b3b0-742b75aaa21e,تبلغ المسافة بين مدينتي جدة ومكة ذهابًا وإيابًا 160 كلم، فإذا كان فهد يقطع هذه المسافة 6 مرات في الأسبوع، فما المسافة التي يقطعها في الأسبوع؟,C,D,False,1.008941650390625
3f05ecf3-9f8e-47f3-9169-8e6016b947db,كان على الشجرة 10 تفاحات، سقطت اثنتان منها؛ فكم تفاحة بقيت على الشجرة؟,B,B,True,1.0004363059997559
3f32bf6c-39cd-45f6-b62d-64078053f782,أوجد ناتج ضرب: 40*6=,A,A,True,1.0029680728912354
3fabef2b-f899-415f-b4fa-0e21a68524e6,أوجد ناتج القسمة 135 قسمة 3=؟,A,A,True,1.001624345779419
400929fd-d925-4b27-9aaa-82be98d28623,متحف يزوره 1400 زائر في الأسبوع؛ فكم زائرًا في اليوم الواحد؟,C,C,True,1.0061678886413574
405c0bce-1353-49cd-b6ae-8dd3ada9a75b,ما هو 40 ناقص 25 ٪ من نفسه؟,C,C,True,0.9949591159820557
40806115-8ea6-4569-8b37-3a9cb9804e2a,لدى فوزي 64 ورقة. ويحتاج صنع الزهور الورقية ل 27 ورقة و19 ورقة لصنع القوارب الورقية؛ فكم عدد الأوراق المتبقية؟,C,A,False,1.0092809200286865
4090d7c2-8bc7-4801-a357-5b8dfd5a497a,مع أحمد كرتان تزن كل منهما 100 جرام، وقد وضعهما معًا في حقيبته ليأخذهما إلى المنتزه، فما كتلة الكرتين معًا؟,D,D,True,1.0073297023773193
40e1ea9e-194e-4a0e-9ad2-1d3e6e74fc83,أوجد ناتج: 487 مطروح منها 34؟,A,A,True,0.9950201511383057
4136a227-6f1c-4652-b6ee-f2f2a3ff33ba,أوجد ناتج 15+6+14+8؟,C,D,False,1.0089945793151855
41f501e5-cf6b-4b0e-871d-f0f06f9a7090,تبلغ ميزانية الشركة 9600 ريال في اليوم، أي أنها وفرت (3/8) من الميزانية؛ فما هو المقدار بالريال لما تم توفيره؟,C,C,True,1.0210011005401611
42310f51-9ead-4412-92e4-e0b1697b385e,اشترى رائد 150 سمكة صغيرة، وأراد توزيعها على 10 أحواض بحيث يضع العدد نفسه في كل حوض؛ فكم سمكة يضع في كل حوض؟,A,A,True,1.008775234222412
4236785f-fe17-423f-b779-cb12725a352c,تريد سارة أن تقسم 27 موزة بالتساوي على ثلاثة أطباق؛ فكم موزة ستضع في كل طبق؟,A,A,True,1.0060648918151855
425aa6d4-fecf-471d-8b18-c832708281f6,أوجد ناتج: 800 مطروح منها 400 مقسومة على 100؟,D,D,True,0.9966864585876465
42f87ce4-1dc1-4090-8884-f48393d4a224,أعمار 6 معلمين هي 27 و 35 و 40 و 37 و 45 و 32 عامًا، فما هو متوسط أعمارهم؟,B,B,True,1.00376558303833
43b2ed97-d9fb-45b4-9f49-9c2ff02a0ba7,158 أكثر من 8 أضعاف 7 =؟,C,D,False,1.0013642311096191
43b8be12-3df7-4560-9611-b99d3a9919c1,نصف قطر الدائرة يساوي 36 ملم. ما هو محيطها؟,A,A,True,1.0058252811431885
43ee9537-9801-4e7e-b0f5-9111135e61b8,تناول 3 أشخاص الغداء فدفعوا 40 ريالاً ثمن المعجنات، و20 ريالاً ثمن للسلطة، و15 ريالاً ثمن العصير، فإذا اقتسم الأشخاص الثلاثة ثمن العشاء؛ فكم يدفع كل شخص؟,C,A,False,1.0074348449707031
44022980-0058-4787-93bc-632cab3da9a5,أوجد طول أحد أضلاع المربع إذا علمت أن مساحته هي 23 سم مربع.,A,A,True,1.0081462860107422
442e915f-3033-45a8-b0a4-412bf6fb48ff,"إذا كنت تعتبر 12 قلمًا ""ككل ""؛ فكم عدد أقلام الرصاص التي تحتوي عليها (5/6) =؟",B,B,True,1.0123658180236816
45189cb4-1c4d-4747-b191-00f9c9a1478b,حساب ( 1350 + 249 + 468 ) + ( 251 + 332 + 1650 ) =.,B,C,False,1.002502679824829
45608e52-22f7-41b0-a2d6-1a8cb881f191,تم التعاقد مع شركة نقل لنقل 1998 مجموعة الفخار، حيث يتم دفع 1.6 دولار لكل مجموعة، وخصم 18 دولار لكل مجموعة تالفة. إذا حصلت شركة النقل على رسوم شحن قدرها 3059.6 دولار، فما عدد مجموعات الفخار التي أصيبت بالضرر أثناء النقل.,C,C,True,1.0211293697357178
4575fd7f-e734-465a-af2b-f4941e4fb6cd,( 123456 + 234561 + 345612 + 456123 + 561234 + 612345)/7=.,B,B,True,1.0121345520019531
465ed585-d205-47f9-9ca1-5526ce500d74,مع إبراهيم مجموعة من الكتب العلمية إذا أعطى 3 منها لأخته هناء، ثم أعطى كتابين منها لصديقه فراس، وبقي معه 44 كتابًا؛ فكم كتابًا كان مع إبراهيم في البداية؟,B,C,False,1.001908302307129
46cc49d5-075f-41ce-976a-7e8d4cadf081,أوجد ناتج: 89*3=,C,C,True,0.9987592697143555
46d89f9d-b104-4302-9652-2b1c99d26870,في أحد المتاجر 51 صندوقًا من الحليب المجفف، ويوجد في كل صندوق 9 علب؛ فكم عدد العلب الكلي؟,B,B,True,1.0039794445037842
471f21b0-be5b-4433-826d-a7b704550469,أوجد ناتج: 58*2-51=؟,B,A,False,0.9961931705474854
47b6861d-9414-4da3-b381-0289eb334d0d,كان على الزهرة 20 نحلات، طار 3 منها، فكم نحلة بقيت؟,D,D,True,0.9963493347167969
47ffed24-8658-4690-a676-c09e2d6add9c,يبيع مطعم فطيرة الجزر بـ4 ريالات، والعصير بـ2 ريال، وقطعة حلوى بـ6 ريالات، فإذا استرت شوق واحدة من كل منها؛ فكم ستدفع؟,C,B,False,1.004509687423706
486210df-eb4c-4075-a858-2a6a73568380,خمسة أضعاف الرقم هو 620.ابحث عن هذا الرقم.,B,B,True,0.995187520980835
496494b3-63e6-4d3d-a2f6-b3a8f223ad34,اشترى فهد كتابًا سعره الأصلي 2.85 ريالا، إذا باعته المكتبة إلى فهد ب 80% من سعره الحقيقي؛ فكم ريالاً دفع فهد؟,B,B,True,1.0054492950439453
4aaadd4f-d88a-4aa8-8e50-0a28e870b390,مع صفاء 40 ريالاً، إذا اشترت فستقًا بـ15 ريالاً، وحلوى بـ5 ريالاً، ولوزًا بـ14 ريالاً، فما مقدار المبلغ الذي بقي معها؟,A,D,False,1.0068528652191162
4bae82a6-de9c-46d2-9d88-d9dbb3fcdfce,9229 + 8338 + 7447 + 6556 + 5665 + 4774 + 3883 + 2992 =.,A,D,False,1.012664794921875
4c0108f9-69fb-4935-b3a9-ec2d5b0bd3b5,زرع فلاح 55 صفًّا من نبتة الطماطم، فإذا كان في كل صفّ 52 نبتة؛ فكم نبتة قد زرعها؟,A,D,False,1.010310173034668
4c19e7d1-6685-4f7c-bbfc-2ead3430dc17,هناك 24 شخصًا في الفصل السادس يشاركون في فريق الكورال، وعدد الأشخاص الذين يشاركون في التدريب الفني هو (1/4) من فريق الكورال، وعدد الأشخاص الذين يشاركون في فريق الرقص هو (2/3) من التدريب الفني؛ فكم عدد الأشخاص الذين يشاركون في فريق الرقص؟,D,D,True,1.0138802528381348
4c3ecf50-b4d8-4f1b-b9aa-53fb50d5a02c,هناك 13 مجموعة الصف، بكل منها 4 طلاب. إن حصل الفصل بأكمله على 312 نجمة. فكم معدل النجوم التي حصل عليها كل طالب؟ ,D,D,True,1.005478858947754
4c64cb7b-c10f-49dc-bbb2-f1ce84920821,6 أضعاف الرقم تساوي 72، أوجد الرقم,A,A,True,0.9980549812316895
4cd65fdd-0058-43e0-aad7-d2281c3c30ca,أضرب 36 في 20 =,D,D,True,0.9966750144958496
4d1e9999-b8a3-4305-8531-13558e531dd4,يوجد 72 كرة سلة في المدرسة، وهناك 28 كرة طاولة أكثر من كرة السلة، وعدد كرات القدم أقل ب32 من مجموع كرة السلة وتنس الطاولة؛ فكم عدد كرات القدم؟,A,C,False,1.0044312477111816
4d63a7fc-d20f-411a-b1f8-8aac75269a69,س / 5 =6 والباقي 4، أوجد س,B,A,False,0.9943008422851562
4dda85d0-328e-4ef1-a743-926c75a56827,يلعب رائد وكمال وطلال بالكرات فإذا رمى رائد 5 كرات إلى كمال، ثم رمى رائد 3 كرات أيضًا إلى طلال، وبقي معه 6 كرات؛ فكم كرة كانت مع رائد في البداية؟,B,D,False,1.0113673210144043
4df423c7-bdec-452f-9f1f-5b970e9807cf,أوجد ناتج القسمة 454 قسمة 2=,B,B,True,0.9961569309234619
4e1052cb-faf6-4168-944f-360d8f3c22d6,8.28/3.6 في 0.5 =؟,A,B,False,0.9977388381958008
4f8d61ba-eaf7-43ed-a8d9-035de84f2a14,376 + 385 + 391 + 380 + 377 + 389 + 383 + 374 + 366 + 378 =.,A,A,True,1.0137770175933838
4fcaf206-bb85-403a-8cee-73f1750eb4a3,أوجد ناتج: 412 قسمة 4-60=؟,A,A,True,1.0129504203796387
50140066-9d9c-4b98-9248-613e66c42e70,ثلاثة طلاب لعبوا كرة الريشة، أحمد ركل 150 كرة ريشة، محمد ركل (2/3) بقدر؛ فما ركل أحمد وحامد (4/5) مثل محمد؛ فكم عدد الكرات التي ركلها حامد؟,B,B,True,1.0165119171142578
507d94a0-4be5-4f3e-8f72-d4aef5e16dae,أوجد ناتج: 15*5=,B,B,True,1.001352310180664
50c9870c-2d93-4e19-82d9-866345e14677,توجد 5 طاولات، على كل منها 8 كتب ومع كل كتاب قلمان؛ فكم عدد الأقلام؟,A,A,True,0.9966404438018799
51222fae-5ecd-45a4-b4b9-e7e1c4c1393a,أوجد ناتج: 660 مقسومة على 22=,B,B,True,1.0077407360076904
513d698d-5913-40fd-a76d-b8ec489482ce,أوجد ناتج: 120*3=؟,D,D,True,0.9944345951080322
5190fb65-7f30-451c-bef2-49e7240f00f1,مع منال 12 ريالاً، فإذا أعطت أختها 6 ريالات؛ فكم ريالاً بقي مع منال؟,B,B,True,0.9993433952331543
51ee409e-4702-43d5-b4d6-025ed478246e,(س-3)/7=23,A,A,True,1.0002903938293457
520f8470-6a49-45e5-a5c9-4df40b1d6c66,اشترى مشاري ساعتين متشابهتين لوالده بـ1650 ريالاً، فما ثمن الساعة الواحدة؟,A,A,True,1.0026390552520752
5288bcad-3297-4ae3-a661-63f867a09070,يرجى حساب قيمة المعادلة التالية : 19112012* 20121910-19112011* 20121911=.,A,B,False,1.0062329769134521
52a52b23-00b0-4e20-a789-5e9071a60666,أوجد ناتج الضرب 20*9=,A,A,True,0.9957435131072998
52f1a734-67ab-4513-8c89-7cdd99c7c645,في العام الماضي أنفق محمد 670 ريالاً للصيانة، وفي هذا العام أنفق 900 ريال للصيانة؛ فكم ريالاً أنفق هذا العام عن العام الماضي؟,B,D,False,1.003424882888794
5337ffbf-f572-4dc5-885c-42c3df61269a,مع عمر 300 دقيقة رصيد مجاني ويريد أن يستعمله كاملاً في خمسة أيام بالتساوي؛ فكم دقيقة سيتكلم كل يوم من هذا الرصيد؟,D,D,True,1.0042293071746826
5556a03c-19d7-4cac-9dbd-c2d9b8b6cb97,يكلف فستان 25.5 ريالا، ويكلف زوج من الأحذية 2.5 ريالا أقل من الفستان، كم يكلف شراء المجموعة؟,A,A,True,1.0042073726654053
555e2f39-5388-4f0f-ad48-8e9d4135cb53,في المتجر 56 صندوقًا من الكعك في كل منها 3 كعكات فراولة و5 كعكات شكولاتة، أوجد عدد الكعك في المتجر؟,C,C,True,1.0015754699707031
55f9a4d4-f548-4525-82a7-b97217d9faf6,430 - مجموع 201 مع 22، ثم قسمت على 20 =.,A,C,False,1.0006330013275146
562e3693-276d-43c7-aca0-beaa81f1ecde,نسبة الدواء والماء في جرعة تساوي 1:20. كم نحتاج كيلوغرام من الدواء لإعداد 84 كجم من هذه الجرعة.,A,A,True,1.002237319946289
5672c277-e00f-462d-9bbf-87e36309e368,مربع مساحته تساوي 144 كم مربع، احسب محيطه.,A,A,True,1.0120680332183838
5745751d-31be-49cf-bf02-6e0403ed2e08,أوجد حاصل ضرب 48 في نفسها,C,C,True,0.9924337863922119
574f0b67-1c46-4589-8c6f-aeff960a4ab1,إذا كان أ أكبر بمرتين من ب و ب أكبر بثلاث مرات من ج؛ فكم مرة يكون أ أكبر من ج.,A,B,False,0.9925327301025391
57a499e5-b58c-46db-bdfb-a4444ab33600,أوجد ناتج 9*6-11=,C,C,True,0.992814302444458
57e2f7b3-3f0c-4b19-9796-e215a244d42e,راتب موظف هو 5000 ريال.ووفقًا للوائح، يخضع الجزء الذي يتجاوز 800 ريال لضريبة الدخل الشخصي بنسبة 14٪؛ فما مقدار الضريبة التي يجب أن يدفعها؟,B,B,True,1.0041232109069824
582ffedb-b80d-4874-9253-920f8437449e,أوجد ناتج: 10*11=,D,D,True,0.9936637878417969
59da5d0c-dc69-430b-925f-bd5498070192,( 3/5 ) رقم مضافا إليه 3.6 يساوي 12. ابحث عن هذا الرقم.,C,C,True,1.007756233215332
59f4762c-2bd0-4c1e-9f57-b6e6777507a4,أوجد ناتج قسمة 614/2=,C,C,True,0.9984209537506104
5a4aaa77-4485-4341-952e-b88e5547905e,5 في 0.01 زائد 6 في 1 =.,B,B,True,0.9954178333282471
5b2e3eab-8267-49a3-9463-e70ba010524e,بلغ عدد زوار حديقة حيوانات يوم الخميس 2515 زائرًا ويوم الجمعة 3496 زائرًا متعدد الزوار في اليومين؟,B,C,False,1.001842975616455
5b81bc87-c0d3-4af4-bf94-4ff29ca5553a,4 أضعاف ( 1/8 ) = ( 1/10) س، أوجد س,C,C,True,1.000260829925537
5be3fda9-610a-4594-9549-e723283f9d9d,على إحدى طرق السيارات عد سلمان 100 سيارة، وعد أخوه 77 سيارة؛ فكم يزيد عدد السيارات التي عدها سلمان عن التي عدها أخوه؟,A,A,True,1.002061128616333
5c23710c-4abc-441c-a104-ece91f6e1937,كتاب به 30 صفحة متبقية بعد قراءة (3/4) منه؛ فكم عدد صفحات هذا الكتاب؟,C,C,True,0.9997003078460693
5c42b626-b344-4518-bff9-951cd6b4eb31,قطعت سيارة في أول 3 ساعات 124 كيلومترًا، وفي الساعتان الأخيرتان 86 كيلومترًا؛ فما سرعة السيارة في المتوسط؟,B,B,True,0.9991073608398438
5c9b181e-c0bc-4420-b17a-7b89a1b87470,75 * ( 1/3 ) - 15 * ( 1/2 )، الفرق =؟,B,B,True,0.9996132850646973
5cb7c8b0-dbf8-42d9-82ef-d143fcb3a460,60 في 25 مقسوما على 20 مرة من 15 =؟,B,D,False,0.9935946464538574
5cf9725e-cb92-40e6-a790-36f011a226fa,مجموع 125 و 43 مقسم على الفرق بين 239 و 197 =؟,A,A,True,0.993358850479126
5d477fa7-6125-45ac-baee-fe05373218d4,تقاسمت هند وسارة ووفاء صندوقًا من الحلوى أخذت كل واحدة منهن 7 قطع؛ فكم قطعة حلوى كانت في الصندوق؟,B,D,False,1.0027954578399658
5d48153b-a810-4fa6-b98c-43a4a0cfb83b,أوجد ناتج الضرب 304*3؟,D,D,True,1.0053772926330566
5ef6fb9c-673a-4821-9792-fd3576d1999d,2005* 20062006-2006* 20052005=.,B,B,True,0.9924612045288086
5f4768f9-ae12-4f6f-8a1e-932b3702d1a6,يمتلك عدنان 6 بطاقات، ويمتلك نادر ضعف عدد بطاقات عدنان؛ فكم عدد البطاقات التي يمتلكها نادر وعدنان في المجموع؟,C,C,True,1.0086596012115479
5f7a680a-9bf0-44e4-ad84-596be96dff36,أوجد ناتج: 35*7-69=؟,B,C,False,0.9912781715393066
5fe6cdb6-4482-4589-b15d-fb4aaad24c44,لدى سامر 45 ريالاً أعطى أخته 15 ريالاً وأخاه 13 ريالاً؛ فكم بقي معه؟,B,A,False,1.0019233226776123
60b79b3a-7903-4704-9f65-225fb2bd3344,2/3/(4/6)=.,C,C,True,0.9960849285125732
6108428b-eee3-4181-ba05-a13289de3c83,لدى شيماء 4 مجموعات في كل مجموعة 10 أقلام، إذا أعطت صديقتها 12 قلمًا، فكم قلمًا يبقى لديها؟,C,A,False,1.0007879734039307
626d5f8e-a103-40c0-a6f5-3a141c4ab0a3,يسبح خالد 5 مرات في الأسبوع، ساعتين في كل مرة؛ فكم ساعة يسبح طوال الأسبوع؟,D,D,True,1.0112600326538086
63020d52-fcc8-4920-abb4-5412b89177e2,قام عامل نظافة بتنظيف 41 نافذة في اليوم، و54 نافذة بالأمس؛ فكم عدد النوافذ التي نظفها في يومين؟,C,C,True,0.9956004619598389
630e298a-f653-416c-a80a-685d43cce044,أوجد ناتج: 9 مقسومة على 3 مضروبة في 10=,A,A,True,0.9853065013885498
63badac5-230e-41c5-90d7-48367941b220,أوجد ناتج: 54 قسمة2-13=؟,C,C,True,0.97975754737854
6430449c-ece5-45a0-9cca-6730b72b6591,إذا أنفقت الجوهرة 39 ريالاً لشراء هدية، وكان معها 3 أضعاف مبلغ الهدية؛ فكم كان معها؟,C,C,True,0.9916074275970459
647f4246-3ebc-469c-95b8-d28ffc261b5d,يمكن أن يستوعب المسرح 870 شخصًا. إذا كانت تكلفة الدخول هي 8 ريالات، فكم المكسب؟,A,A,True,0.9940977096557617
64ae811b-9015-4930-b38a-4ce6ab47cad8,إذا علمت أن طول مستطيل يساوي 10.3 ملم ومساحته هي 60.5 ملم مربع، ما هو عرضه؟,A,A,True,0.9948534965515137
651a872d-67ad-4651-85f5-06e8728ae6d6,يبيع محل للفواكه 30 فاكهة في الساعة الواحدة؛ فكم يبيع في ساعتين؟,C,C,True,0.9819121360778809
65636ffc-8cca-41c7-ac7f-9753a5594f2d,يحتاج عبدالرحمن إلى تقسيم قطعة خشب طولها 240سم إلى 24 قطعة متساوية الطول فإذا كان تقطيع القطعة الواحدة يستغرق دقيقتين؛ فكم دقيقة يحتاج لتقطيعها؟,A,A,True,0.9919278621673584
65687a5f-8715-4775-8db8-fde83fc87974,تقطع السيارة 620 كم في 5 ساعات. فإذا قطعت 744 كم أخرى؛ فكم من الوقت استغرقت السيارة لقطع المسافة الكلية؟,A,D,False,0.9906325340270996
65d4e6ea-0cb1-4c99-a2bf-acccdad4ac2d,يبلغ طول القطار 300 متر، ويعبر القطار جسرًا بسرعة 900 متر في الدقيقة، ويستغرق مغادرة الجسر 3 دقائق من مقدمة القطار إلى مؤخرة القطار؛ فكم مترًا هذا الجسر؟,B,B,True,0.9924910068511963
6615745f-cf2b-4e19-8f53-068e141a7e31,ناتج 218-15 و 13 =؟,B,A,False,0.9817337989807129
666bf2c3-d616-4aa3-8e94-92fb81deccd2,قسمت المعلمة 45 طالبة في 3 مجموعات بالتساوي؛ فكم طالبة في كل مجموعة؟,D,D,True,0.9802730083465576
66dcc371-987e-40c3-bcca-7ae0ea8863cb,أوجد ناتج: 12*2=,A,A,True,0.9793503284454346
66e48f8b-0e79-4a46-bfac-cc34f06e3a8c,ما ناتج 600 مقسومة على 300 ضرب 5=,C,C,True,0.977571964263916
672ec578-a54f-4de5-afcf-37e6265838d3,أوجد ناتج: 90*3-55=؟,D,D,True,0.9923803806304932
6799eba6-b53a-4311-b4ec-a0144f4ddd54,التقط سنجاب 11 ثمرة ثم التقط 7 ثمرات أخرى؛ فكم ثمرة التقط السنجاب؟,A,A,True,0.9987795352935791
68401c38-cded-4619-9cf2-76933e85ca75,أوجد الناتج: 12*4-6=,D,D,True,1.0013236999511719
68502397-7d56-417a-aa10-1fbcb0d70e95,احسب: 59+599+5999+59999=.,A,D,False,1.0069553852081299
68f82fe3-eb29-4fc9-9c16-d7e7901d1cba,يشتري أحمد علبة حليب كل يوم بـ4 ريالات؛ فكم ريالاً ينفق ليشتري حليبًا في 8 أيام؟,B,D,False,1.0143086910247803
6957eb1f-4b43-452d-8a75-2a37556384a1,مع سالم4 بالونات ومع أخته 10 بالون، ويريدان تقسيمها عليهما؛ بحيث يأخذ كل منهما عددًا متساويًا من البلونات؛ فكم يأخذ كلّ منهما؟,A,A,True,1.005234718322754
697781ee-b5d5-4788-b3b6-3711e5fabd1b,أوجد ناتج: 44*8-22=؟,B,A,False,0.9949562549591064
6a3ac973-2e2b-484a-b568-df6712c8b538,يريد أحمد تقسيم 42 تفاحة على 7 أطباق؛ فكم عدد التفاح في كل طبق؟,A,A,True,0.9993410110473633
6ac587f7-5ba2-4335-8f40-e7266a9ed86a,يوجد 10 موزات في السلة أكل أنس 3 منها؛ فكم بقي في السلة؟,B,B,True,0.9990494251251221
6b032d20-0a92-42eb-b30b-4aa247a33484,على وليد أن يقطع مسافة 281م ليصل إلى نهاية السباق، وعلى عليّ أن يقطع 100 م، أوجد الفرق بين المسافتين؟,A,A,True,1.0036587715148926
6b4c1bde-f4a4-4d45-a773-1147a358c6db,69+18+23+31+82=.,C,C,True,0.9968998432159424
6cfc68f0-63c0-4caa-bf33-98ae6c283d5c,لكل مربع 4 أضلاع؛ فكم ضلعًا لمربعين؟,D,D,True,0.9941363334655762
6d8a6d24-0777-4945-8f22-61a9854c7a62,لدى سامر 45 ريالاً أعطى أخته 15 ريالاً وأخاه 16 ريالاً؛ فكم بقي معه؟,B,D,False,1.0083732604980469
6decb135-4155-4818-9225-6aa1e2a4c0ab,انطلقت سيارتان في نفس الوقت، وتبعدان عن بعضهما 425 كم. إذا التقتا بعد 2.5 ساعة وكانت سرعة الأولى 90 كيلومترًا في الساعة؛ فما سرعة السيارة الثانية؟,B,B,True,1.0269110202789307
6e451355-ef35-4360-946c-2d7b302b7d06,أوجد ناتج: 789 مجموع معها 300؟,C,C,True,1.0135715007781982
6e5fd25c-7f9e-4808-8763-044f23f07762,يريد ريان شراء جهاز كمبيوتر. بعد أن وصل سعره إلى 0.8، أصبح أرخص بـ400 ريال من السعر الأصلي؛ فكم السعر الأصلي لهذا الكمبيوتر بالريال؟,B,B,True,1.0049962997436523
6e66b568-6cc7-406c-82e4-c6da79298139,لدى سلطان مزرعة فيها 8 صفوف من أشجار الفاكهة فإذا كان في كل صف منها 3 شجرات من أشجار التفاح؛ فما عدد أشجار التفاح في مزرعة سلطان؟,D,D,True,1.006354808807373
6ed31c87-bd31-4fa2-bf9c-0afd4508abd7,أوجد ناتج: 28*4-67=؟,B,A,False,0.9986004829406738
6f0c9447-9a5b-4213-80a6-65e2e5ab7fe2,الفرق بين ( 5/8 ) - ( 1/4 ) مقسوما على ( 5/16)، الحاصل =؟,B,D,False,1.0026659965515137
6f1bcdcd-8506-4a0e-8381-4a95dbaaa5db,25 ٪ من الرقم هو 150، إذا 40 ٪ من هذا الرقم =.,D,D,True,1.0020923614501953
6fa68a52-b6ab-40de-a5c7-25ad2845a7dd,لدى هند علبة 36 قلمًا، فإذا أعطت صديقتها 14 قلمًا؛ فكم قلمًا يبقى معها؟,C,C,True,1.0031030178070068
6fdb285f-6db0-4ebd-97f0-053adbe31fe3,أوجد 5 أضعاف ( 2/11 ),A,A,True,1.0023748874664307
6ff908d2-b0cb-41a0-af17-23e4c1b204a7,يعدو سلطان مسافة 3 كلم في 21 دقيقة؛ فكم المدة التي يحتاجها ليعدو مسافة 12 كلم؟,A,A,True,1.0030407905578613
7001f7d3-c8a9-482b-bc94-0e92766bafc4,مع خالد 425 ريالاً، فإذا أراد شراء هاتفًا ثمنه 375 ريالاً؛ فكم يبقى معه؟,B,D,False,1.001391887664795
706155bc-50ae-4a2b-a1d3-4b045064a3e1,336-64، ناتج الفرق مقسوما على 16، الحاصل =؟,B,B,True,0.9943656921386719
71776f5b-d068-4d63-865c-f1608d3da058,عملت نادية 8 ساعات في اليوم الأول والثاني، و5 ساعات في اليوم الثالث؛ فكم ساعة عملت في الأيام الثلاثة؟,B,B,True,0.9971134662628174
7184e821-58ad-4e3b-a565-b55cba4a29f2,أوجد ناتج الضرب 300*3 - 25=,A,D,False,0.9985079765319824
719c374e-3393-44e9-a29e-02c05bc05382,يسافر أحمد من نجران إلى جدة التي تبعد 905 كلم مرتين في الشهر، فإذا كان يسلك الطريق نفسه ذهابًا وإيابًا، فما المسافة التي يقطعها أحمد في سفره شهريًّا؟,A,A,True,1.0069270133972168
7221d01c-9166-4575-bf0a-70ccd0dc0add,أوجد ناتج العبارة 32+4*8=؟,B,C,False,1.0006539821624756
729edb33-c1d3-4c4b-a0bb-f07c1ef133d1,0.2010* 0.20112011-0.2011* 0.20102010 =.,A,A,True,1.0025694370269775
72c9523a-c7dc-4929-87cb-651166aac4c7,أوجد ناتج: 12*7-44=؟,A,D,False,3.3566718101501465
734f5085-7f23-41d7-800a-e27281d032d3,إذا كان عمر رامي 49 سنة، وعمر جميل 33؛ فكم يزيد عمر رامي عن جميل؟,A,B,False,0.9982941150665283
73bed090-0153-4445-97b3-0f2f0176f202,لدى سميرة 24 ملصقًا، ولدى حصة 62 ملصقًا، ولدى نورا 33 ملصقًا؛ فكم عدد الملصقات جميعها؟,A,A,True,1.0050921440124512
73c4b5f7-9524-4ef4-8bb4-438705ac592c,أوجد ناتج القسمة 250 قسمة 5؟,A,A,True,0.9982748031616211
745b1540-af08-4caf-904a-c991afa48777,يستعمل زيد 6 أمتار من الحبال لعمل شبكة واحدة؛ فكم مترًا من الحبال يحتاج لعمل 5 شبكات؟,A,A,True,1.0020277500152588
74c0a30a-8bc5-4547-a328-e56c88670572,تقاسم سعد وخالد تفاحة بالتساوي فإذا قطعت التفاحة 8 قطع متساوية؛ فكم قطعة أخذ كل منهما؟,C,C,True,1.017592191696167
75cbf5fc-95ac-420f-9bf3-9a8e87541744,أقيم حفل في مسرح مدرسة، رتبت كراسيه 21 صفًّا، في كل صف منها 15 كرسيًّا؛ فكم كرسيًّا كان على المسرح؟,C,C,True,1.0067071914672852
75e5757a-a38e-49b3-984d-adc84aa9695b,1+(1/2)+(1/4)+(1/8)+(1/16)+(1/32)+(1/64)+(1/128)+(1/256)=.,C,C,True,1.0028445720672607
75f7320b-14ab-484b-9a1a-7d767086be49,لدى سامية 25 ريالاً اشترت عصيرًا بـ9 ريالات وفطيرة بـ5 ريالات وأعطت فقيرًا 3 ريالات؛ فكم ريالاً تبقى معها؟,A,B,False,1.0076913833618164
7613046d-4966-438e-963e-9d7ab611e45a,تقطع سيارة 400 كيلومتر في 4 ساعات، سرعتها =.,C,C,True,0.9962074756622314
766cf540-0541-4af3-9f28-52af8f0d48b4,3 في ( 1/6 ) تساوي ( 1/12) ص، ما قيمة ص؟,B,B,True,0.9961504936218262
7696ae01-0e3d-473f-9db0-87f9de1ce1ee,120 مطروح منها ( 4/5 ) ,B,C,False,0.998633623123169
77612fb2-353f-4fb2-af1a-e57e74762433,7 أضعاف س = 38.5، ما قيمة س؟,B,C,False,0.9958717823028564
78a9f775-411e-434c-9ecc-5657434cb1d0,حاصل ( 9/10)* ( 2/5)/(4/9 ) =؟,B,C,False,1.0067989826202393
78fdccb0-54f9-4ad2-b4af-24b530c43b7d,تدرب فيصل لمدة 35 دقيقة، وتدرب عبدالعزيز لمدة 13 دقيقة؛ فكم دقيقة تدرب فيصل زيادة عن عبدالعزيز؟,A,C,False,1.0053343772888184
79c84fd2-8cdb-4ff9-a214-19faad36a819,أوجد ناتج: 454 مطروح منها 90=,B,B,True,1.0052235126495361
7a3cdf8d-478a-4e43-b776-c448d15aee24,تبلغ فرح من العمر 8 سنوات اليوم، إن أصبح عمرها 13 سنة؛ فكم سنة مرت؟,A,A,True,1.005687952041626
7a8f7c96-a201-40e5-b3e0-868f109ee1e0,أوجد ناتج القسمة 810 قسمة 6=,B,B,True,1.0036935806274414
7aeaf036-3dea-4c32-8a89-cd76a79099b2,حاصل 4 / 1.8، بالإضافة إلى 3، ثم ضرب 2، الناتج =؟,A,C,False,0.9984750747680664
7bc34f2e-f266-468d-b1d8-18c0b31178d9,عند بائع 25 ساعة، ثمن كل واحدة منها 809 ريالاً؛ فما ثمن الساعات جميعًا؟,A,B,False,1.0061395168304443
7c20e2e8-5aa1-440a-97b0-344dba5b4774,يقف 90 مصليًا في 9 صفوف؛ فكم مصليًا في كل صف؟,B,B,True,0.9966914653778076
7c4ec740-8266-4a9d-835c-0cd0c765dcfe,(3/4) عدد الأولاد في الفصل يساوي (2/3) عدد البنات، ومعلوم أن هناك ثلاث بنات أكثر من الأولاد، فما عدد البنات؟,A,A,True,1.0086605548858643
7c4f7091-f901-4a89-9008-512b0f551c03,تركض جودي مسافة 23 كلم كل أسبوع، فما المسافة التي تقطعها في 9 أسابيع؟,A,B,False,0.993213415145874
7cbd82e0-ce46-4d3e-8a6c-78718af6f01a,أوجد ناتج: 245-60+14=,A,A,True,1.0044491291046143
7cd376d8-eab9-41d4-93d7-da1e74a38546,أوجد ناتج: 28 قسمة 4-8,B,C,False,1.0036003589630127
7cd48e77-cf65-42c0-a0e2-24b2adb87057,قام نجار بإصلاح 35 مكتبًا في الصباح، و 16 مكتبًا آخر مساء. فكم مكتبا أصلح اليوم؟,C,C,True,1.0026960372924805
7d1d25c8-ac56-4dbb-b732-9cc970615cf6,يبلغ طول مستطيل 112 متر وعرضه يساوي 50 متر. احسب المساحة.,B,B,True,1.0067739486694336
7e1d05db-4d85-473d-be9b-6c05f1f7524d,لدى ريما 14 قرصًا مدمجًا، ولدى الجوهرة مثلا ما لدى ريما من الأقراص؛ فكم قرصًا مدمجًا لدى الجوهرة؟,B,B,True,1.0126450061798096
7f0d956e-3ffe-4284-b331-6e3a6761cb46,أوجد ناتج 100-26+16=,B,B,True,1.0058622360229492
7f15360b-238a-44ad-889b-d7541953c86d,أوجد قيمة 9 قسمة 3؟,D,D,True,0.9974565505981445
7f3e8754-dfff-415b-8dda-e9bf9e29ee8b,ما عدد الأعلام لدى 9 أطفال إذا كان كل منهم يحمل 3 أعلام؟,C,C,True,0.9969902038574219
7fa96f00-eefc-4efb-b9f8-c533a5a88274,رقم + 425 يساوي 1235، فما هذا الرقم؟,A,C,False,1.0008177757263184
7fd5ba70-5e4d-4032-bc77-ba27767ebcee,أوجد الناتج: 442 قسمة 2=,C,C,True,3.391265630722046
8021213e-d998-452c-920e-209f7022fc31,إذا كان عدد الرسائل الإلكترونية التي يرسلها الشخص الواحد هو 25 رسالة؛ فما عدد لإرسال التي يتم إرسالها في السنة؟ (السنة = 354 يوما),A,B,False,1.0203936100006104
81827e2d-5936-4a56-a8b4-1c71cdcde5c3,قامت مدرسة عدد طلابها 408 طلاب بزيارة إلى المهرجان؛ بحيث وزعت طلابها 4 مجموعات متساوية؛ فكم طالبًا في المجموعة الواحدة؟,A,A,True,1.0203008651733398
82ab9d3e-a985-4f41-bec2-780748e69a88,أوجد ناتج: 788-676=,B,B,True,1.0078082084655762
82eaaf8a-cbb5-46f5-bb07-b8a0cb36cff6,1.9 مرة من عدد = 114، ابحث عن هذا الرقم.,B,B,True,1.0102009773254395
830492c8-30e6-4309-8e76-9c0eb01acd8a,مجموع 45 + 129 مضروبا في 28؟,A,B,False,1.01031494140625
841af0b7-7af3-4e80-8b77-b2ba5ffcb0ba,رأت مريم 8 طيور تحلق في السماء، كما رأت 4 على الشجرة؛ فكم عدد الطيور التي رأتها مريم؟,D,D,True,1.0171403884887695
854748d7-2189-49a1-b8f3-be3f1dd3ba73,لدى متجر 450 كيلوغراما من التفاح، وباع 240 كيلوغراما، وبقي 6 صناديق، كم كيلوغراما يزن كل صندوق؟,C,C,True,1.0086052417755127
8572c587-5df8-4e89-8862-de12501637ff,بعد زيادة رقم بنسبة 40٪، يصبح 84، فما هذا الرقم؟,B,B,True,1.007960557937622
864c6bdb-9104-47e7-8516-85ed36bd794f,أقل من 18 كجم ب (1/3) مرات؟,A,D,False,1.021244764328003
86ad6d03-6074-4df3-b1c8-6ec267cc7211,أوجد ناتج القسمة 35000 قسمة 5=؟,B,B,True,1.0074498653411865
87589fd6-7291-4fa1-8b68-228e29ee1493,قرأ رامي (3/5) من كتاب في اليوم الأول، و20 صفحة في اليوم الثاني، أي ما يعادل (1/6) الكتاب؛ فكم عدد الصفحات التي قرأها في اليوم الأول؟,B,B,True,1.0171093940734863
88afe1f4-ecf7-4beb-a3d8-4002811af313,أوجد ناتج: 53*4-17=,B,D,False,1.0020051002502441
88c888d3-8485-4389-9262-c666a98568a0,مجموع 18.2 و 11.7 مضروبا في 2.5 =؟,A,A,True,1.0098671913146973
8909e9bf-c1f6-471c-9ca9-21138c1d159d,أوجد قيمة: 564/2=,B,B,True,1.0009534358978271
890b1234-7f40-4bd2-8cf8-2ea569bfae88,رقم ناقص 24 + 15، ثم اضربه بـ 8 للحصول على 432، ابحث عن هذا الرقم.,A,A,True,1.0070858001708984
89229e50-bdd8-443f-9a17-20be598a5148,كان السعر الأصلي لجهاز الكمبيوتر 7800 ريال، وتم تخفيض السعر خلال عطلة العيد الوطني بـ(1/13)؛ فما هو السعر الحالي لهذا الكمبيوتر؟,A,A,True,1.017698049545288
8953d442-c2c7-4203-a29f-9ef6c68c56a5,( 19/17)* ( 1717/1919 ) =.,C,C,True,1.0073039531707764
89b3d476-ae66-4d78-8f17-e65f56ea3fdd,طول سلك 8 أمتار، كم طول ( 1/2 ) السلك؟,A,A,True,1.0033893585205078
8b51f8b7-a8cc-4d7f-b4c1-019e8c4dcbbe,في بيت النمل 6 نملات دخلت فيه نملتان جديدتان؛ فكم نملة في بيت النمل الآن؟,B,B,True,1.0038092136383057
8b60a169-ae6a-412d-89f5-95bfb231d103,عمل سامي 5 ساعات في الأسبوع الأول من الشهر، فإذا عمل الأسبوع الأخير من الشهر 8 أمثال ما عمله في الأسبوع الأول؛ فكم ساعة عملها؟,C,D,False,1.0084290504455566
8b94736e-4e04-4b2d-9c10-e56e5a154891,أوجد ناتج: 4331+1234=,C,C,True,1.0012502670288086
8c21db45-c476-4bc0-8c82-b5136ede3d47,تريد سلمى أن تشتري قميصًا أبيض بـ33 ريالاً، وقميصًا أحمر بـ45 ريالاً؛ فكم ستدفع لكلا القميصين؟,A,A,True,1.0101962089538574
8d41013d-3b7e-4923-bf0c-ff9c8f7f7a7f,أوجد قيمة: 534+10=,C,C,True,1.0044772624969482
8e4a38a3-9c5f-470f-8ac5-bd99c8bba69f,( 2/5 ) من 1 كيلوغرام = ( 1/5) س كيلوغرامات. أوجد س,D,D,True,3.3778276443481445
8f0eee43-8dd9-4328-b764-d7c8213a8215,7.8* مجموع 11 مع 89، ناقص 609 =؟,B,B,True,1.0014245510101318
8fd96a2a-5c5e-4e88-862a-e893010b2419,أوجد ناتج: 5555/111=,A,C,False,1.0127601623535156
902d5121-c047-4389-b264-bd8f965a6106,تم توزيع 20 فراولة على 4 أكياس. كم فراولة في كل كيس؟,D,D,True,0.9965574741363525
90e256b9-4f1d-4024-8009-c9c7db8ae912,إذا كان محيط مثلث متساوي الساقين هو 900 مترا، وطول أحد ساقيه المتطابقة يساوي 300 متر، فما طول الضلع المختلف؟,B,C,False,1.0037057399749756
90e71934-3a0c-4aa0-bded-cabeb37a5274,يوجد 240 كتابًا علميا في الفصل، وعدد الكتب الدينية أقل بـ( 1/6 ) من عدد الكتب التقنية. كم كتابا علميا يزيد على عدد الكتب الدينية؟,B,B,True,1.007746696472168
90ef8075-f11d-4be8-9c61-9ee726d622ca,هناك 5 كتب لغات، و 6 كتب رياضيات، و 3 كتب إنجليزية، وكتابان دينيان. كم كتابا في المكتبة؟,C,C,True,1.0048117637634277
912e0b40-6427-4fa4-80bd-80559e233e8e,يستعمل زيد 9 أمتار من الحبال لعمل شبكة واحدة؛ فكم مترًا من الحبال يحتاج لعمل4 شبكات؟,C,C,True,0.9968409538269043
925001b2-afef-4056-94c3-2183dbcbff8a,قرأ صالح كتابًا عن آلة صنع أقلام الرصاص، فإذا علم صالح أن هذه الآلة تنتج 132 قلمًا في الدقيقة الواحدة؛ فكم قلمًا تنتج في 5 دقائق؟,C,C,True,1.0083305835723877
92605d0d-f3d6-4a12-bc58-ada45e1fe613,طول ضلع مربع 11 سم، فما محيطه؟,A,A,True,0.9990291595458984
93984d5e-4557-40b1-8d3c-e9e8f10e4102,إذا علمت أن أ تساوي 720، و قيمة ب هي (1/6) أ. و أ تساوي (4/3) ج. فما قيمة ب؟,B,B,True,1.009699821472168
93b47a1f-09d6-4c2c-ac9d-72e71b594368,أوجد ناتج: 45/5=,A,A,True,0.9986822605133057
93be22c3-c8b4-43ce-aa04-c7d7434fa667,أوجد ناتج 123+544=,C,C,True,0.9989233016967773
940bdb1e-4d0d-48cd-b081-d963ac8e3a55,مع محمد 7 تفاحات حمراء و3 تفاحات خضراء؛ فما مجموع التفاحات لديه؟,B,B,True,1.0125157833099365
9478c891-a399-4842-b99a-a41e1d305a1c,أوجد ناتج: 12*5-21=؟,B,B,True,1.007171869277954
954824fd-a8f5-4564-aa9f-2a3ffbc303cc,أوجد قيمة ؟ في المعادلة: ؟=60*(2/3)؟,B,B,True,1.0005276203155518
95766c75-3d57-4aed-9e38-257d4606e390,17 مرة من أ = 850، أ=.,C,C,True,0.9985547065734863
96315783-76dc-435a-af5c-078fd5610f53,أوجد ناتج: (756+222)-120=؟,A,A,True,1.0003976821899414
96475e17-b828-4c7c-97f2-d3786c4fc24f,سعر حقيبة مدرسية 120 ريالاً بعد أن وصل سعرها إلى 0.8. تم بيعها بسعر 0.6؛ فكم تبلغ تكلفة الحقيبة المدرسية.,C,C,True,1.0164568424224854
9676fc77-a282-4d3a-bbcd-5f7d4b3b40a2,أوجد ناتج 858-76+8=؟,C,B,False,0.9955663681030273
974e613c-ace9-4ce7-959f-f77f56651439,أوجد ناتج: 25*4-31=؟,B,B,True,0.9985740184783936
9754d5ae-b866-4dd5-9424-d05424a72da3,ما هو معكوس 40.470؟,D,A,False,1.0084812641143799
97c1d1d8-a7ff-4374-8620-2590cd2a9b54,لدى منيرة 42 طابعًا، وطوابع البندري أقل ب 14 طابعًا من منيرة. كم عدد الطوابع لديهما؟,B,A,False,1.0139446258544922
983bbbc5-f5ac-4e69-a678-a1db1cb12118,ما قيمة : 765 * 963963-765765 * 963 =.,B,B,True,0.9978435039520264
98c9c936-2492-4fef-bf6c-721a70f8fe0b,أوجد ناتج: 4500/9=,A,A,True,1.0030217170715332
99069e22-6fa8-4357-9fdc-f084930bd902,السعر الأصلي لحقيبة هو 50 ريالا، وعند بيعها ب 0.9 سعرها الأصلي، كم ريالا أرخص من الأصل هو سعرها؟,B,B,True,1.010422706604004
994ae556-256f-4c6b-9adf-361689421c4f,احسب : 1- ( 5/4 ) + ( 7/12 ) - ( 9/20 ) + ( 11/30 ) + ( 15/56)=.,B,D,False,1.0231449604034424
996690a8-0e4a-4878-954e-7283ae63c440,9 في ( 5/6 ) في ن = ( 1/2 )، ما هي قيمة ن؟,B,A,False,1.005204200744629
9989d8f1-1d5a-406e-8373-0f8a7284cc73,مع ضحى 8 وردات أعطاها أحمد 3 وردات؛ فكم وردة مع ضحى؟,C,C,True,1.000666618347168
9b461ca4-5099-43ce-a26e-f01566e719d2,في الطبق 16 حبة فراولة، أكلت ليلى 6 منها؛ فكم حبة بقيت في الطبق؟,C,C,True,0.9998965263366699
9d6ddb53-311c-4725-bd04-f7b5c45e0933,168.54 + 368.54 + 568.54 + 768.54 + 968.54 =.,A,B,False,1.011406660079956
9e18c167-af14-43be-b156-2ce558aac0c6,أوجد ناتج: 4090 مجموع معها 1200 مطروح منها 200=,B,B,True,0.9971325397491455
9e5231e8-4c57-45c2-88c4-32192f51d8dc,إذا ركض محمد 3000 متر وركض خالد 638 مترًا؛ فكم ركض خالد أكثر مما ركضه خالد؟,B,C,False,1.0107030868530273
9e7879ff-7563-47c3-8571-15b267bdaa55,الحساب : 17* ( 17/18 ) + 35* ( 35/36 ) =.,C,B,False,1.0129313468933105
9e7b836c-4500-4be3-934e-5b4c4f9ea8d9,أوجد ناتج: 3668 مطروح منها 1000 مجموع معها 50؟,C,A,False,0.9938857555389404
9ee1b542-4448-46fd-a59a-6432c1ca0ae7,( 3/5 ) عدد الأقلام = 15، كم عدد الأقلام الموجودة؟,D,D,True,0.9991910457611084
9f07ca28-49a2-445d-865c-377f48d26ac7,أوجد الناتج: 147-59+31=,C,C,True,1.0041041374206543
9f62ca67-11e3-4d23-ae43-2d7c785f4760,أوجد الناتج: 38 قسمة 2=,D,D,True,1.0201258659362793
a30375ed-4aa0-43ed-9582-ca4ad98c8352,ما هو محيط مثلث متطابق الأضلاع إذا كان طول الضلع يساوي 64.54 سم.,B,B,True,1.0050413608551025
a3caa90d-63e1-453a-8e3f-14c74333fc6e,أنفقت 7.2 ريال لشراء الكتب، و2.6 ريال لشراء أقلام، وأعطيت 10 ريالات للبائع؛ فما المبلغ الذي يجب استرداده؟,B,B,True,1.0065374374389648
a430049a-dd56-4cbe-af3d-b6e102deb9f2,توفر ريماس أسبوعيًّا 100 ريال لشراء حاسوب ثمنه 2000 ريال فإذا كان لديها 1500 ريال؛ فكم أسبوعًا تحتاج لجمع المبلغ كاملاً؟,B,B,True,1.0058608055114746
a5357c38-0c3b-4e63-b044-9c6982ca61a3,حصلت ياسمين على درجة في اختبار الرياضيات الأخير تقل بـ5 درجات عن درجتها في الاختبار الأول، فإذا كانت درجتها في الاختبار الأول=28 فما درجتها في الاختبار الأخير؟,B,B,True,1.0066299438476562
a57ffc02-a4bd-4201-90e2-b89cfe3a4f2a,48.83 + 126.3 ناقص 45، النتيجة =؟,A,A,True,1.0213398933410645
a5c2a44a-84a4-4189-914f-12d799442578,20 في ( 7/10).,A,A,True,0.9980497360229492
a5f0a733-cf54-4bb6-8a24-426e4ebe5c31,يقرأ محمد في اليوم 16 صفحة من قصة يحبها كل يوم؛ فكم صفحة يقرأ في 23 يومًا؟,A,C,False,0.9925944805145264
a6df2e50-bbe6-46cf-8372-5a1867c44d3f,شحنت دفعة من الإسمنت من موقع البناء واستعملت (5/7) طن لبناء الجدران و(7/8) طن لمسح الأرض وبقي (5/6) طن؛ فكم عدد أطنان من الإسمنت موجودة في هذه الدفعة؟,B,D,False,1.0174431800842285
a707a6c7-649a-4e6f-8d9e-ee4da98ad916,ما ناتج طرح 77-100=؟,B,D,False,0.9963505268096924
a742fe27-c0df-48c3-b694-5ed4b494e1b8,بدأ 6 طلاب كتابة تقرير عن 36 معلمًا سياحيًّا فإذا اقتسموا الكتابة عن هذه المعالم بالتساوي؛ فكم تقريرًا سيكتب كل واحد منهم؟,A,A,True,1.0061800479888916
a793f2b6-0110-4792-a5a9-8c86f8a95a41,جلب راجح 700 ريالا للمكتبة لشراء كتب. وبعد شراء 15 كتاب بنفس السعر، أعاد له البائع 25 ريالا، فكم تكلفة كل كتاب؟,A,A,True,1.0050044059753418
a7b998a6-3cdd-46de-aabb-f3047c53d787,لدى عثمان 4 كور أعطى صديقه 2؛ فكم كورة بقيت لدى عثمان؟,A,A,True,0.9953103065490723
a913f7c1-0b63-48b2-9e93-11b1a56f1b0c,يرغب خمسة أشخاص في أداء العمرة فإذا علمت أن ثمن تذاكر السفر كلها 1270 ريالاً، فما ثمن تذكرة الشخص الواحد تقريبًا؟,A,B,False,1.004939317703247
aa2afa44-3a80-424c-aa3a-2f3686f86492,6440 / س = 28. أوجد س,B,A,False,0.9995114803314209
aa60c9f6-32a2-4cfd-a744-b4249dc00ee2,أوجد ناتج: 198-67=,B,D,False,0.9934778213500977
aad16c91-0690-42ee-9e80-ed1487101f57,مربع طول ضلعه 9 سم، فما محيطه؟,A,D,False,0.9935953617095947
abd22c0f-52d1-4060-b93f-e0df3554d1d7,أوجد النظير الضربي ل( 9633/12844 ) ,A,D,False,1.003751277923584
abe6d8f2-6ccb-48fb-9eb7-a35f3811ae3d,مع عائشة 628 ريالاً، وأعطاها أبوها 33 ريالاً؛ فكم ريالاً أصبح معها؟,A,D,False,1.0016517639160156
abfaf8f5-8670-4a01-9321-9d9f2639e775,باع المتجر الشامل 4 علب من زجاجات الترمس، كل منها يحتوي على 8 صناديق، بإجمالي 320 ريالاً؛ فكم سعر كل زجاجة ترمس؟,A,A,True,1.0070545673370361
ac0e2d5d-4bc7-43c4-bb44-07496d4b4f26,يبلغ وزن الباندا 125 كجم، ويزن النمر 55 كجم أكثر من الباندا، فكم يزن النمر؟,B,B,True,1.0048112869262695
ac2aaa94-6fda-46ac-82ce-3b09fe35821b,قاد سائق شاحنة مسافة 556 كلم ذات يوم، ثم قادها مسافة 180 كلم في اليوم الثاني؛ فكم تزيد المسافة التي قطعها السائق في اليوم الأول على؛ ما قطعه في اليوم الثاني؟,A,C,False,1.0058670043945312
ac60a0a3-7047-49e6-ab32-7a14827fd113,طول سيارة 400 سم؛ فما طول 10 سيارات من نفس النوع؟,D,D,True,1.3930466175079346
ad334621-c890-4e72-a6f5-07dda07f633e,أوجد ناتج: 36 قسمة 2-5=؟,A,A,True,1.002164363861084
adc3f018-f386-4b3c-867c-2cbbe5fdc793,قام فريق هندسي بحفر 316 متراً مكعباً في اليوم الأول ، و من اليوم الثاني الى اليوم السابع قاموا بحفر 230 مترا مكعبا يوميا، فكم متر مكعب من التربة قام الفريق الهندسي بالحفر في الأسبوع؟,B,A,False,1.0054571628570557
add32ce9-1e5f-44dc-9476-85083f1095ac,أوجد ناتج: 100 مطروح منها 60؟,C,C,True,0.9948470592498779
ae0b0c2f-d858-4906-abd3-0dbfde03fe46,ثماني سيارات تحمل العدد نفسه من الأشخاص فإذا كان عدد الأشخاص 64 شخص؛ فكم شخصًا تحمل كل سيارة؟,D,D,True,1.0033690929412842
ae8d64c6-0d63-4378-9d85-d2fef67bbabe,إذا كان سعر الكيلو جرام الواحد من التفاح 6 ريالات؛ فكم كيلو جرامًا يمكنك شراؤها بـ78 ريالاً؟,C,C,True,1.0071229934692383
aefbd11a-b695-4931-811c-2c751434f6fc,رقم قسم على 3 للحصول على 18، هذا الرقم =.,B,C,False,0.995887279510498
af59c99b-d819-4bd4-a608-3202ac2f0a2e,2 طن من الاسمنت، استخدم ( 1/4 )، كم طن تبقى؟,C,C,True,0.9963967800140381
afe2ce96-679d-4719-bb2e-08414105d703,( 5/9 ) س = 60، أوجد ( 1/4 ) س.,B,D,False,0.9931869506835938
b0484aa7-7246-41c7-a766-712042eb3e22,كان في الجحر 4 أرانب، خرج منه أرنب واحد؛ فكم أرنب بقي؟,D,D,True,0.9968721866607666
b073c31a-58b9-4c48-a81f-4e0a4888052d,يقدر ارتفاع مبنى 68.8 متر. ارتفاع الطابق الأول يمثل 4.8 متر والطوابق الأخرى تمثل 3.2 متر؛ فكم عدد طوابق هذا المبنى؟,A,A,True,1.0084917545318604
b10224c8-8b7c-48f0-9b62-b9f651a85395,أوجد ناتج: 108-39+56,A,D,False,1.0028729438781738
b1af2375-1e75-46a2-b9a8-07345075aeb0,حضر معرض الكتاب في اليوم الأول 1000 شخص وحضره في اليوم الثاني 350 شخص؛ فكم يزيد عدد حضور اليوم الأول على عدد حضور اليوم الثاني؟,B,B,True,1.0061264038085938
b2679422-44c3-4048-8d21-ae6578168c12,3/72 =؟,A,A,True,0.9946105480194092
b2c9538f-1642-4984-8c8c-2b2196353dec,مع جود 161 ريالاً، فإذا اشترت هدية لأمها بـ74 ريالاً؛ فكم تبقى معها؟,C,B,False,1.0037939548492432
b2f05ad1-2e35-44ea-84bb-bc9b19201edf,مطعم يقدم يوميًّا 230 وجبة عشاء؛ فما عدد وجبات العشاء التي يقدّمها في أسبوعين؟,A,D,False,0.9965448379516602
b3157168-08a0-4ea1-bf6c-1bcc73c91a5c,30 أقل من 5 أضعاف رقم يساوي 470. فما هذا الرقم؟,B,B,True,0.99855637550354
b31aed70-25a1-4364-b667-9db91c1c0927,مع سعاد 5 حبات من الكرز، ومع سمر 7 حبات من الكرز؛ فكم حبة مع الفتاتين؟,A,A,True,0.99249267578125
b341d87d-f740-4cc3-8f6d-84d7df5daa09,يوجد 30 إوزة في البركة، وهي تشكل (5/6) من عدد البط؛ فكم عدد البط هناك؟,D,D,True,1.0010731220245361
b34268d9-b443-424b-8e81-ba58dc482fec,28 مرة في رقم تساوي 504، أوجد الرقم.,A,A,True,0.9947872161865234
b3590081-a71f-4156-9380-c7f99d1d8a2b,حاصل ضرب 90 و ( 7/15 ) ناقص 4 / ( 8/17 ) =؟,B,C,False,1.0225517749786377
b5e4429c-0a60-479f-8f68-93c631685486,"المسافة من المدينة أ إلى المدينة ب 320 كيلومترًا، وتقطع السيارة 240 كيلومترًا في 3 ساعات، وفقًا لهذا الحساب؛ فكم ساعة للوصول إلى المدينة ""ب""؟",A,B,False,1.001624584197998
b60606c4-00f4-4dba-baba-69d1742f6f00,حاصل 12/600 زائد 400 = 90 مرة من عدد. فما هو العدد؟,D,D,True,0.9999825954437256
b641b47b-dd48-441c-a3d3-a99edc48e689,أوجد ناتج: 7*3=,B,B,True,1.0008199214935303
b64e52c9-c7ff-4753-a81b-ed341eb4e7d1,أوجد ناتج القسمة 230 قسمة 8=,A,A,True,1.0052826404571533
b7340890-ea22-491b-b759-e8a1c5481599,20 م - (1/4) م,D,D,True,0.9995369911193848
b7ff6605-240a-4383-a3bc-16a051e110ed,السلعة التي تكلفتها الآن (1/12) أقل مما كانت عليه في الأصل؛ فكم تكلف الآن؟ هل أكثر من قبل؟,A,D,False,1.0072824954986572
b85934ad-110b-464c-bfc3-013161808f2b,قطعت سيارة مسافة 96 كيلومترًا في 1.5 ساعة، وكانت لا تزال تبعد 192 كيلومترًا عن وجهتها؛ كم ساعة إضافية تحتاج السيارة للوصول لوجهتها؟,C,C,True,1.007343053817749
b8b2f786-9a04-41d3-8390-190c559051c9,إذا كان عدد الرسائل الإلكترونية التي يرسلها الشخص الواحد هو 80 رسالة شهريًّا؛ فما عدد الرسائل التي يتم إرسالها في 6 أشهر؟,C,C,True,1.007899522781372
b91f9ea4-401c-4f85-92ad-08f4afd75ac2,تحتوي المكتبة على 9 أرفف كتب كل منها 4 طوابق، وكل طابق به 208 كتب؛ فكم عدد الكتب بالمكتبة؟,B,B,True,1.0020031929016113
b9231bde-93c2-48ac-ac1a-a9599dfcf257,يركض ياسر لمدة 13 دقيقة كل صباح، وسرعته حوالي 180 متر / دقيقة، كم مترا يركض في اليوم؟,A,A,True,1.002260684967041
b94e55b4-fdf4-4d60-a443-a7c318e6ec6f,قام سعد وسعود بجمع صدفات من شاطئ البحر، فإذا جمع سعد 711، وجمع سعود 25 صدفة زيادة على ما جمعه سعد؛ فكم جمع سعود؟,C,C,True,1.0020356178283691
b9a11d36-8bfe-4ef2-8818-f6a776af8c25,6 زائد ( 1/5 ) رقم يساوي 7، ما قيمة هذا الرقم؟,D,D,True,0.9944436550140381
bac7de49-b06d-47f7-beaa-3561bbda8081,لدى عبير 42 تفاحة قامت بوضعها في 6 أطباق بالتساوي؛ فكم تفاحة وضعت في كل طبق؟,A,A,True,1.0028362274169922
bb4c95f6-ebcd-496a-bf29-2085c1022c28,أوجد ناتج القسمة 92 قسمة 3؟,A,D,False,1.0109171867370605
bbcfb33a-bd2a-4d17-8504-7ae8ae5c4040,احسب : 25* 34* 32* 125 =.,B,B,True,1.0174384117126465
bbfb96fc-716c-40ce-ab57-0f0c04efca3b,كان في العش 5 عصافير، طار منها عصفوران؛ فكم بقي في العش؟,B,B,True,1.0050888061523438
bc3fde0c-9058-4330-9a3e-b44222685576,قسم 16 طالبًا في حصة التربية الرياضية إلى 8 فرق متساوية العدد؛ فكم طالبًا في كل فريق؟,C,C,True,0.9918351173400879
bd06aa82-b2e7-42b0-9abb-871877f42eeb,أوجد ناتج 74*3-56؟,A,A,True,0.9936709403991699
bd89c7ed-aa84-40c7-9299-ba41a4fa3541,أوجد ناتج: 256 قسمة 2-66=؟,B,C,False,1.0040395259857178
bdb8d5c6-45ad-4512-a966-03a914380b7e,مع عبد العزيز 16 بطاقة تهنئة، أعطاه أخوه 5 بطاقات؛ فكم بطاقة أصبحت معه؟,A,A,True,1.0265746116638184
be2c8637-e7be-4b14-8e4e-755dd8514dbd,أوجد ناتج: 300/6=,A,A,True,0.9925355911254883
bef96ce0-85f1-4f40-a457-184f817fd255,أوجد ناتج: 74-20+13,A,A,True,1.0111761093139648
bf0063ac-d474-4099-a8c2-ef517c210d0f,أوجد ناتج 85-35-19=,C,C,True,0.993527889251709
bf16b88a-7e64-4b6f-ae9b-0a8a8d989bf0,مع عائشة 9 ريالات وأعطاها أبوها 3 ريالات؛ فكم ريالاً أصبح معها؟,B,B,True,0.9939353466033936
bf40cced-efad-4f57-8e5f-e45b83694584,أوجد ناتج: 600 مقسومة على 6؟,C,C,True,0.9950144290924072
bf8883d3-690a-4141-b5b6-c621c3a2903a,أجرى طارق مكالمة هاتفية مدتها 8.29 من هاتفه يوم السبت وأخرى مدتها 19.5 دقيقة يوم الأحد؛ فما مجموع المكالمتين؟,B,B,True,1.0096499919891357
bfb955b2-fffc-49b3-9fe7-7920c3c656d2,سعر القاموس هو 9 ريالا. وتكسب المكتبة 20٪ بعد البيع، بكم ريالا اشترت المكتبة القاموس؟,A,A,True,1.006662368774414
c0893722-88b8-467a-9521-2b3bf023efbf,يبلغ طول أحد جوانب قطعة أرض نباتية 800 متر، ولإنشاء سياج على طول هذا الجانب، يجب زرع 41 عمودًا خشبيًّا على مسافات متساوية من البداية إلى النهاية؛ فكم مترًا هي المسافة بين كل قطبين خشبيين.,B,D,False,1.0044617652893066
c0e56c7b-1570-4269-9470-570b83b02903,دفع كل طالب من طلاب نادي التربية 10 ريالات بدل استعمال مواد الرسم في النادي، فإذا تم جمع 100 ريال؛ فكم عدد الطلاب في النادي؟,A,A,True,1.0014536380767822
c249ac24-1021-4b40-b726-d461f867a459,في مهرجان، أحضرت المدرسة 20 كعكة و20 علبة عصير، بتكلفة إجمالية قدرها 100 ريال. إذا كانت كل كعكة تكلف 3.5 ريال؛ فكم ريالاً تكلفة كل علبة عصير؟,C,C,True,1.0044565200805664
c29ff5f5-bf2d-411d-a9be-602f63805106,لدى محل 7 أنواع من الطيور ذات أعداد متساوية؛ فإذا كان عدد الطيور كلهـا 21 طائرًا، فما عدد الطيور من كل نوع؟,A,A,True,1.0004780292510986
c2e91956-df1f-440c-b620-0feb664492fe,4 زائد 75 ٪ من رقم يساوي 11.5، ابحث عن هذا الرقم.,C,C,True,0.9975886344909668
c355ea5c-6588-4ae6-aca5-196667754117,يصل طول أحد أنواع الحشرات العصوية إلى 43 سم؛ فما طول 5 حشرات من هذه النوع؟,A,A,True,0.9937200546264648
c461fbdd-c4f2-4758-b002-92027786e75b,أ تساوي 18،أي 36 ٪ أكثر من ب، ب =.,A,C,False,1.0035450458526611
c486031a-e300-4f56-8513-af558d64f391,يريد عثمان أن يضع 21 لعبة على 3 رفوف، على أن تكون أعداد الألعاب متساوية؛ فكم لعبة يجب أن يضع على كل رف؟,D,D,True,1.0056548118591309
c4cc69ef-6831-4cf0-b517-bb68422f3bf7,يمارس سلطان رياضة الجري 90 كلم أسبوعيًّا، فإذا كان عدد أسابيع السنة الهجرية 51 أسبوعًا تقريبًا؛ فكم كيلو مترًا يجري في السنة؟,A,C,False,1.0108778476715088
c5bc8a11-ae2d-4987-8398-b5a45e98b5f0,معكوس ( 2/3 ) زائد حاصل ( 5/6)/(1/3)=؟,C,C,True,1.0000355243682861
c5cd48a8-d4b9-4f57-a1ad-e92cae3e0357,يستطيع الظبي أن يركض 66 كيلومترًا في الساعة؛ فكم كلم يستطيع الظبي أن يقطع إذا ركض 12 ساعة؟,B,B,True,1.0111076831817627
c5e18edd-c68d-4ee9-b612-510ee009d622,استخدم 6 حبال قصيرة لتشكيل حبل طويل؛ فكم عدد العقدة التي يجب أن تربطها إجمالاً؟,C,B,False,1.0040407180786133
c72fd173-4159-48a9-9ab6-1ad3fcf4220d,اشترى أحمد قطعة أرض مساحتها 4005 أمتار مربعة، بنى على جزء منها بيتًا مساحته 293 مترًا مربعًا؛ فكم مترًا مربعًا بقي دون أن يبنى عليه؟,C,B,False,0.9997870922088623
c79327d0-11b1-4f6f-bb4a-7f3d8ea96c49,أوجد الحل (88-9)*8-10,A,D,False,0.9920437335968018
c82ddc27-72cb-47fc-8425-0d75e0795473,أجرى طارق مكالمة هاتفية مدتها 8.25 من هاتفه يوم السبت وأخرى مدتها 15.5 دقيقة يوم الأحد؛ فما مجموع المكالمتين؟,C,C,True,1.0059401988983154
c850a523-f31b-403f-92bf-bdb2150574f3,كم عدد أزهار القمر التي توضع في صف مكون من 12 زهرة أقحوان أمام المدرسة، و3 أزهار قمر بين كل 2 أقحوان؟,D,D,True,1.0033166408538818
c8a803f2-5565-4e56-9b5b-a994cc56c028,يجري أمير 7 مرات على الممشى كل يوم؛ فكم مرة يجريها أمير في 5 أيام؟,D,D,True,0.98966383934021
ca095201-066f-4ec3-9156-3cd4964e4b78,حلوى الشوكولاتة تباع ب 45.5 ريال للكيلوغرام الواحد؛ فكم ريالا يجب أن تدفعه مقابل 1.6 كيلوجرام؟,C,B,False,1.0095994472503662
ca27ae91-3fc3-4c42-a923-e4c75fda63db,أوجد ناتج: 106 قسمة 2=؟,B,B,True,1.0128860473632812
cab80fb7-2838-4d5e-850f-a2bd7125cb79,تستغرق مريم 5 دقائق لتغليف هدية؛ فكم دقيقة تستغرقها لتغليف 10 هدايا؟,B,B,True,0.9941360950469971
cac40af4-16b4-4e64-99b5-52b53624f55b,ما هي نسبة الملح في المحلول الملحي المكون من 25 جرام من الملح مذابا في 100 جرام من الماء؟,C,A,False,1.0030691623687744
caf6afa0-8df5-4dfc-868b-d07ee55340d5,إذا كان ثمن السيارة الجديدة 84600 ريالاً وثمن السيارة المستعملة 57880 ريالاً؛ فكم ريالاً ستوفر حنان إذا اشترت السيارة المستعملة؟,A,C,False,1.0093538761138916
cbce4f1c-c7f1-4ac7-8e20-a58f899bdcff,(3/4) من رقم هو 60؛ فكم تكون قيمة (4/5) من هذا الرقم؟,B,B,True,1.0073623657226562
cbd16969-f761-419f-ad7d-786c8c42da06,يمشي عبد الإله بسرعة 60 مترًا في الدقيقة من المنزل إلى المدرسة، ويمكنه الوصول إلى هناك في غضون 16 دقيقة، ويقضي 24 دقيقة للعودة إلى المنزل من المدرسة؛ فما هو عدد الأمتار التي يمشيها في الدقيقة عندما يعود إلى المنزل من المدرسة؟,B,D,False,1.0097663402557373
cc49da85-2bfe-4ebb-b297-0e241da2cc3a,30 ٪ من الرقم هو ( 27/2 )، هذا الرقم =؟,C,C,True,0.9946889877319336
cc6035c7-06b8-42c7-b5d2-309f7dead35d,يمكن أن يصل وزن السلحفاة الخضراء البالغة إلى 320 كجم؛ فما أكبر وزن ممكن لسبع سلاحف خضراء بالغة؟,B,D,False,1.0013618469238281
ccd63a44-7749-49b7-b126-c22d7b863943,أوجد ناتج: 14*7=؟,C,C,True,0.9935085773468018
cd4044e8-5a1e-4f05-9251-59c14bf5c9ce,معدل هطول الأمطار في المكان الأول هو 1200 ساعة سنويا، بينما يبلغ المعدل في المكان الثاني ( 1/4) المعدل في المكان الأول. فما هو معدل هطور الأمطار السنوي في المكان الثاني؟,D,D,True,1.0026991367340088
cdd1d38f-12bb-4a08-92d3-65cd5a9f24d7,قرأ راشد ( 1/5 ) كتاب في اليوم الأول، وقرأ 14 صفحة أكثر من اليوم الأول في اليوم التالي، وقرأ الصفحات الـ 25 المتبقية في اليوم الثالث، كم عدد صفحات هذا الكتاب؟,A,A,True,1.014172077178955
ce31000f-4ea3-4dc6-88ab-c44bd55ab2eb,"انطلقت سيارتان ""أ"" و""ب"" من مدينتين ""أ"" و""ب"" في نفس الوقت، قطعت السيارة ""أ"" مسافة 110 كيلومترات في الساعة، وقطعت السيارة ""ب"" 100 كيلومتر في الساعة. بعد ما قطعت السيارتان 3 ساعات؛ كم كيلو مترا قطعتها السيارتان معا؟",B,B,True,1.0177512168884277
ce32e21a-c41a-44c8-89b9-7d2b2ba3771c,أوجد ناتج الضرب: 20*3=,A,A,True,0.9976661205291748
ceb2aa8b-94dc-48e9-b1fe-aa17f13db885,ما ناتج 23 *س = 46 ,C,C,True,0.9949173927307129
cebc899a-cf79-4bd1-a549-9d745c885d77,اشترى موسى و5 من أصدقائه كتبًا من معرض الكتاب فإذا اشترى كل واحد منهم 10 كتب؛ فما عدد الكتب التي اشتروها؟,B,B,True,1.003391981124878
cecb0ac5-4a60-420b-b0ee-0950a1f39ffd,قرأ جميل 42 صفحة، أي أقل بـ 9 صفحات من الباقي. كم عدد الصفحات المتبقية في هذا الكتاب؟,B,D,False,0.9982762336730957
cf0c762e-bb87-48f7-b576-200a4cdbe97e,في مزرعة فارس80 شجرة، وفي مزرعة رياض200 شجرة؛ فكم عدد الأشجار معًا؟,C,C,True,0.9959166049957275
cf5e177b-d108-4269-82a6-e3640bfb7e13,غادر محمود مكتبة متوجهًا إلى مكتبة المدينة العامة فقطع مسافة 23 كيلومترًا، ثم توجه إلى مكتب البريد فقطع 4 كيلومترات، وبعد ذلك انطلق عائدًا إلى منزله فقطع مسافة 17 كيلومترًا؛ فكم عدد الكيلومترات التي قطعها محمود حتى عاد إلى منزله؟,B,C,False,1.002228021621704
cf87e746-42c6-4806-88e1-fb1511c477ea,التقط حازم 20 صورة لبعض معالم المملكة وآثارها ثم طبع من كل صورة 32 نسخة؛ فما عدد الصورة التي طبعها؟,A,A,True,1.0051414966583252
d023ae9f-b014-42b7-8f99-590a8b7056eb,أوجد ناتج: 123 جمع معها 100؟,B,B,True,0.9930696487426758
d05d0701-67f3-43ca-bf64-87e293358e65,تشتري المدرسة 45 صندوقًا من الطباشير الملون و 15 صندوقًا من الطباشير الأبيض أكثر من الطباشير الملون. كم عدد صناديق الطباشير التي اشترتها؟,B,A,False,1.0118651390075684
d0d41781-77e6-4962-be4b-507a5034dbb2,3.2 زائد 0.7 =.,C,C,True,0.9988265037536621
d100fafc-5455-4283-b1e4-aff6df5a0e6f,أوجد ناتج ضرب 24*8=,D,D,True,0.9969539642333984
d174dd2a-4e2c-4176-a9b7-a07ddd33aaef,الفرق بين 67-13 مضروبا في 4 ثم يضاف إليه 34، النتيجة =؟,A,C,False,0.9988987445831299
d1b7e9d4-85ec-4931-a17f-4b2ffb40c1cf,(2*8)+(3*5) أوجد الناتج؟,C,D,False,0.9977912902832031
d1d6c9e7-f3db-4274-9fb2-f54d4972fec9,يوجد في المدرسة 75 كرة سلة و35 كرة طائرة يتم تقسيم الكرات بالتساوي على 5 صفوف؛ فكم عدد الكرات المخصَّصة لكل فصل؟,A,A,True,1.0045108795166016
d1df1bd9-8d81-4e22-bf60-8991779e3f2f,هناك 262 فتى و 253 فتاة في مدرستنا، كم عدد الطلاب في المدرسة.,B,B,True,0.9977962970733643
d2193eeb-f25b-4c7e-9b12-343208887ff6,أوجد ناتج: 4500/90=,A,A,True,3.3775110244750977
d21c3af8-a847-45a4-9b30-6b5f1fed37e4,مع سمر 16 ريالاً أنفقت منها 4.5 ريالات لشراء علبة عصير و8.5 لشراء مكسرات؛ فكم مجموع؛ فما أنفقته؟,B,B,True,1.0089106559753418
d231ebeb-c311-4670-af64-148ae781470f,تم قطع قطعة من الحبل بطول 20.5 متر، وهو أقصر بمقدار 3.6 متر مما بقي، كم متر كان طول هذا الحبل؟,B,B,True,1.0036940574645996
d31b6311-308d-42f0-bafb-c242a924b4c8,أوجد قيمة: 9000-8838=,D,C,False,0.993765115737915
d34c5935-5ebf-4054-856b-14634085db57,يريد محمود أن يقطع شريطًا من الخشب يبلغ طوله 3.6 مترًا إلى 15 قطعة متساوية، ومن المعروف أن كل عملية قطع تستغرق 4 دقائق؛ فكم دقيقة تستغرق لإنهاء الشريط؟,B,B,True,1.0043432712554932
d3bd9057-ac16-4f42-a2a2-cd7e4e67d1dc,7 مرات س هو 490. ما هي س؟,B,B,True,0.9965207576751709
d3e0389b-16df-45e5-9e5c-c3b22b861304,اشترى مطعم أكياس أرز. وبعد أسبوع، تم استهلاك 14.7 كجم أقل مما بقي في المخزون، إذا علمت أن في المخزون 98.7 كجم، كم كيلوغراما من الأرز اشترى المطعم في البداية؟,B,B,True,3.4013209342956543
d46b68af-8efe-42ea-afcc-2dba088f34bd,يبيع متجر المشروبات 350 مشروبًا في اليوم في المتوسط؛ فكم عدد المشروبات التي يتم بيعها هذا الشهر (محسوبة على أساس 30 يومًا)؟,A,A,True,1.0262341499328613
d51dc380-b783-4336-b755-943cb20cd983,لدى جمال 32 عملة معدنية في حصالته أعطاه والده 4 عملات معدنية أخرى؛ فكم عملة معدنية أصبح لدى جمال؟,C,D,False,1.0925662517547607
d6abf007-a880-4902-9f90-2456d3162de4,أوجد ناتج 200 طرح منها 70 ضرب 5؟,C,D,False,1.0000181198120117
d6d5fbc6-35fb-4b0c-aa00-8fd311750cc5,عدد الساعات في الشهر الواحد يساوي 720 ساعة؛ فكم ساعة في 9 أشهر؟,A,A,True,1.0024666786193848
d73ec28d-405d-46c4-99e6-c0e24d7ceb9f,أوجد ناتج: 74*2-11=؟,B,A,False,0.9972012042999268
d759bd8c-a976-4134-8e02-9788f9fee360,يسافر القطار السريع حوالي 160 كيلومترًا في ساعة واحدة، وكم عدد الكيلومترات التي يمكن قطعها في 6 ساعات؟,D,D,True,1.0186898708343506
d7948981-ffc9-43ee-a654-6b72c5fefc58,3.5 أضعاف رقم تساوي 9.8، فما قيمة 1.2 مرة من هذا الرقم؟,B,D,False,1.010732650756836
d7de11ac-ed3c-4e3a-8575-d09622ecca3d,ذهب الطلاب للعمل في البستان وجمعوا 6 سلال برتقال وزنها 94 كيلوجرامًا ووزن كل سلة 2 كيلو جرامًا؛ فكم كيلو جرام برتقال جمع الطلاب إجمالاً؟,B,B,True,1.007917881011963
d8fb12f6-2b59-429c-8fe0-2ebd25724811,( 2/5 ) س هو 16. ما قيمة س؟,A,A,True,0.9955761432647705
d94edf11-9f2f-485d-aecf-53d9da8d157f,مع عمر 32 ريالاً ويريد شراء ألعاب إلكترونية؛ فإذا كان ثمن اللعبة الواحدة 8 ريالات؛ فكم لعبة يمكنه أن يشتري؟,A,A,True,1.0011296272277832
d9a6d816-e097-4b79-bdda-919aea7db96f,( 3/4)* ( 2/7)=.,C,C,True,0.9931545257568359
daf72526-0ad9-447a-b24f-f2a9c32ea19e,المقسوم عليه هو 8، والحاصل هو 2، فما المقسوم؟,C,D,False,3.3654603958129883
db260bbe-3c9f-4003-a2e9-ae61c6c8b1ad,يأكل طائر صغير 16 دودة كل يوم؛ فكم دودة يأكل في 40 يومًا؟,A,A,True,0.9964883327484131
db3bcf58-7bfc-4b75-896c-f8eecb372ece,أوجد ناتج: 3000 مطروح منها 1200=,C,C,True,0.9963853359222412
db484e3b-bd50-4f94-bbc9-10c0077311c8,أوجد الناتج: 4 كتب ثمن كل منها 12 ريالاً.,D,C,False,0.9990758895874023
db876fa8-81b5-472e-a5e2-a95ed5b3e276,2001120011/20011,B,B,True,1.016150712966919
dbf37740-fb58-4c37-b3d9-944f747660fc,حاصل جمع 2.73 مع 0.27 مضروبا في 2.18 =؟,B,C,False,1.0077848434448242
dc3bc112-f630-4181-8707-28c4a22400bf,أوجد ناتج: 15 قسمة 3-2,C,C,True,0.9984703063964844
dc48ff06-b017-444d-8e03-37660dc38016,اشترى بندر آيباد بمبلغ 1500 وسماعة بـ500 وقلمًا بـ250؛ فكم مجموع ما أنفق؟,D,D,True,1.0017204284667969
dcff7bd4-5225-4279-8ade-61e84570ac0d,أوجد ناتج ضرب 488*3=؟,B,B,True,1.0032503604888916
dd9bbac1-bbd7-4e0f-8bee-a1a23fad2074,لدى رضوان 5 ريالات أعطى أخاه ريالين؛ فكم بقي لدى رضوان؟,A,A,True,1.0019001960754395
ddec3f99-8739-4af1-bb47-a1c7e513e258,افترض أن هناك 20 بطريقًا حفر كل منهم حفرة طولها 30 مترًا أوجد طول الحفر؟,C,D,False,3.3701553344726562
dea91f83-a1c0-4545-9954-a1c3e89265df,حاصل 320-168/6، الفرق الناتج مضروبًا في 18، الناتج =؟,D,D,True,1.0082390308380127
dec9a353-e14d-4b75-83f4-aff138d2ec33,دفع 10 طلاب 130 ريالاً ثمن تذاكر الدخول لمعرض الزواحف، فما ثمن التذكرة الواحدة؟,A,A,True,1.005460500717163
df800a28-988a-4557-aa02-c3926444f12b,25* 125* 96 =.,A,A,True,1.0004057884216309
dfb51504-0281-43ac-af8b-f6ba23fe3ed3,الحساب : 123 + 456 + 789 + 987 + 654 + 321 =.,A,D,False,1.0085527896881104
e08376ec-f5f4-42fa-aa37-5ad64db645de,نظمت المدرسة زيارتين لمدينة الألعاب، فإذا شارك في الزيارة الأولى 53 طالبًا وفي الزيارة الثانية 45 طالبًا؛ فكم عدد الطلاب في الزيارتين؟,B,A,False,1.0066461563110352
e0845870-3aab-4d03-9464-b869682dfe8e,طلبت والدة عبير منها أن توزع عجينة البسكوت في صينية الخبز في 3 صفوف متساوية؛ بحيث تضع في كل صف 7 قطع من البسكوت؛ كم قطعة من البسكوت يمكنها أن تصنع؟,D,D,True,1.012007236480713
e13cc3f1-3f32-4959-9bea-35ed406476a1,لدى السيد مراد 200 إوز وعدد الإوز هو (2/5) من عدد البط؛ فكم عدد البط التي تمت تربيتها؟,B,B,True,1.0068986415863037
e3112a79-6424-49a8-b36c-1b6c35db8f2f,يبعد مكانان 490 كيلومتراً عن بعضهما البعض، وتغادر الشاحنة من المكان الأول بسرعة 50 كيلومتراً في الساعة، وبعد ساعة واحدة، تغادر حافلة من المكان الثاني، وتلتقي الحافلة بالشاحنة بعد 4 ساعات. كم سرعة الحافلة؟,A,D,False,1.0069398880004883
e3706100-689b-4d51-a1ed-7c27fce42706,إذا أكلت ليلى ( 1/4 ) قطعة من الشوكولاتة، كم بقي.,A,A,True,1.004868507385254
e3e2249d-a9e7-439a-9f8d-ece94a157a1a,يُسير فندق في مكة المكرمة حافلة إلى المسجد الحرام كل 7 دقائق؛ فكم حافلة تنطلق في 63 دقيقة؟,A,A,True,1.0149502754211426
e5181c46-3acb-46b0-9a30-5fea22b50bd9,أوجد ناتج ضرب 45*6=,B,B,True,1.0017647743225098
e5c51f65-f50a-4345-a9f9-c44d216148d5,تريد أمي الطبخ. وتستغرق دقيقة واحدة لغسل الأرز، و 15 دقيقة للطهي، و 5 دقائق لغسل الخضروات، و 10 دقائق للتقديم. كم دقيقة تحتاج أمي لإعداد الطعام؟,B,A,False,1.0091121196746826
e608a84a-98e6-427f-a548-6a826d44a489,أوجد ناتج: 55-36+10,C,C,True,0.9980342388153076
e60d9cb3-65d5-4651-a316-be21d75f4134,يستغرق قطع قطعة من الخشب إلى 3 أقسام 12 دقيقة؛ فكم عدد الدقائق التي يستغرقها قطع قطعة الخشب هذه إلى 6 أقسام بنفس السرعة؟,B,B,True,1.0053837299346924
e641000a-bcd1-4efb-8008-faab9e3eedae,الفرق بين مضروب 40 في 0.25 و 30، مضروبا في 0.05 =؟,A,B,False,1.007272720336914
ea1aa20a-5fb4-4988-a9b9-a6c0c4fcb33b,أوجد ناتج: 500/250=,C,C,True,0.9982578754425049
eab67fe2-be40-4d22-92b9-c5c5873bab4c,لدى سارة سلة فيها 27 تفاحة، وتريد أن تشارك فيها 3 من صديقاتها بالتساوي؛ فكم تأخذ كل واحدة منهن؟,A,A,True,1.0056426525115967
eaead91a-4d13-4b4c-929d-1a6ffcf03a38,جمع إبراهيم 24 صدفة بحرية، ثم قام بتنظيمها في 6 مجموعات متساوية؛ فما عدد صدفات كل مجموعة منها؟,C,C,True,1.0071816444396973
eaece118-b7a5-4484-adb1-86ef87584679,أوجد ناتج: 18*3-6=,B,C,False,1.002133846282959
eb1b575b-e9b0-420f-8e5a-a78f8d52cc8d,ناتج 4.08-0.8 مع 5، الفرق الناتج مقسومًا على 0.4، النتيجة =؟,A,D,False,1.0149712562561035
ec086b21-7082-438c-a390-9a07e75bc7fa,ارسم أكبر دائرة داخل مستطيل يبلغ طوله 4 سم وعرضه 3 سم، فما محيط هذه الدائرة؟,D,D,True,1.0078318119049072
ec957033-cb98-4cb5-9638-e892253c50e6,هنالك 50 شخصا في المطعم، 40% منهم من الإناث، فكم عدد الإناث؟,B,B,True,0.9910972118377686
ecb8e5b0-b691-47e0-bac0-8f8bfc6ae6ae,أوجد ناتج: 44*6-9,D,C,False,0.9919328689575195
ecf7b84c-2ffd-4446-9ed3-df913d126406,مجموع 354 و 629 هو؟,A,A,True,0.999506950378418
ecfa04b4-f5a4-49e1-9717-706f598c0668,1 - ( 2/3)، الفرق =؟,A,A,True,1.0094332695007324
ed189bc5-a2f9-43a1-a8c5-eeb8dd9f64c0,طول لميس هو 135 سم، وأخوها أطول منها ب 10 سم، فما طول أخيها؟,C,C,True,1.0031988620758057
ed4fff45-5d42-4348-bf75-61c7a95efd1f,قرأت العنود 35 صفحة من الكتاب يوم الأحد، و23 صفحة يوم الاثنين، وبقي6 صفحات دون قراءة، فما عدد صفحات الكتاب الكلية؟,B,D,False,0.9984214305877686
ed73709f-7bd8-4714-955b-0dd5f32c658c,أوجد ناتج القسمة 168 قسمة 3؟,D,D,True,0.9977667331695557
eda9f542-35a2-4e9a-b123-8b5d2be54bae,يضع عبدالله كل 4 أقلام في علبة، فإذا كان لديه 28 قلمًا؛ فكم علبة يحتاج؟,B,B,True,1.001828908920288
edf3dc81-bc5e-43bf-b6f0-6b91f983c62e,يعمل خلف 6 ساعات في مغسلة السيارات، فإذا كان يغسل سيارة واحدة في ساعة كاملة؛ فكم عدد السيارات التي يغسلها خلف؟,A,C,False,0.9933300018310547
ee199985-39d8-4416-a861-16f472e61e67,السعر الأصلي لجهاز كهربائي هو 500 ريالا، ويباع حاليا بسعر400 ريال، فما هي نسبة التخفيض؟,A,B,False,1.0023300647735596
ee55b588-e87f-42f6-9470-8035b460735a,أوجد ناتج: 278 قسمة 2-76=؟,B,A,False,1.0006611347198486
ef25eca7-ac53-4f9c-83be-e66c2106bb53,يريد بلال أن يشتري مضرب تنس سعره 65 ريالاً وقد وفر 25 ريالاً حتى الآن وأعطاه أخوه 8 ريالات؛ فكم يحتاج لشراء المضرب؟,C,C,True,1.009984016418457
ef680caa-4aca-457f-afbb-95e162d8e928,أوجد ناتج 32 طرح 23؟,A,B,False,0.9942677021026611
ef694e7f-6ae9-4195-a546-b40c9e561764,أوجد ناتج 200*4-77=؟,B,D,False,0.996511697769165
f07edb1e-4218-4835-b363-1324318fae90,سعر جهاز الكمبيوتر هو 5400 ريال لكل وحدة، وإذا تم بيعه بعد خفض السعر بقدر 540 ريالات، فما هي نسبة التخفيض؟,B,B,True,1.0024993419647217
f211d4b7-7318-44e9-bb61-d25eb7c46fb3,قاد محمد لمدة 3 ساعات بسرعة 60 كيلومترًا في الساعة للذهاب إلى المنتزه؛ إذا استغرق ساعتين للعودة، فكم كانت سرعته؟,B,B,True,1.0008773803710938
f23f84d8-d5a0-41f2-a2d8-daa42ab63aca,2010* 2011-2011* 20102010 =.,A,D,False,1.005310297012329
f29073f0-01be-40ff-a2ed-c344e06d5f8e,في أحد صفوف المدرسة 9 طاولات، فإذا جلس طالب واحد على كل طاولة، فما عدد الطلاب الذين جلسوا على كل طاولة؟,A,A,True,1.0021593570709229
f4cc4ffc-e878-495e-ae14-d109bc79e84e,في الإسطبل 10 أحصنة ذات اللون الأبيض و4 أحصنة ذات اللون البني؛ فما مجموع الأحصنة؟,A,D,False,0.9949691295623779
f53ab712-428a-4571-9588-02b07af10d87,48٪ من الرقم هو 2 أكثر من 2.4 / 1.2 أوجد هذا الرقم.,B,B,True,1.0035593509674072
f57dee7b-3c98-4bb0-b3e3-541e102218ef,هناك 40 طالبًا في الفصل، 17 منهم يحبون المواد العلمية، و 13 منهم يفضلون المواد الأدبية، و 8 مهتمين بكليهما. فكم عدد الطلاب الغير مهتمين؟,A,D,False,1.0031514167785645
f739081a-0922-40ca-b901-a4c22a28f53a,40* 1.4 =.,D,D,True,0.9957287311553955
f767e568-82e4-41f1-a72f-a1ecf8a7c561,ما ناتج العملية: (3-2)* (7+9)؟,B,D,False,0.9971249103546143
f79103c0-b559-445f-a2b6-0bb5fa537e99,طلب مطعم 300 كيلوغرام من الأرز، وكمية الدقيق التي طلبت كانت (5/6) من كمية الأرز؛ فما هو عدد الكيلوغرامات من الأرز والدقيق التي تم طلبها؟,A,A,True,1.0161573886871338
f816bee9-435e-4655-9c42-68a0cba88ec7,هنالك 24 قطعة حلوى، إذا تم أكل (5/8) منها، فكم بقي؟,B,B,True,0.9937613010406494
f8b5dd8e-d6a9-4778-b638-0c3f93c2304d,تم تركيب مكبرات صوت في مسجد مربع الشكل، ووضع 5 مكبرات على كل جانب ومكبرًا في كل زاوية؛ فكم مكبرًا وضع في المسجد؟,A,D,False,1.0033345222473145
f91ea862-9f40-451e-a2d2-67f821ef505d,لدى عائلة حديقة دائرية، إذا كان قطرها 10 أمتار، فما طول السياج المحيط بها؟,C,C,True,1.0053586959838867
f92f42f8-595c-4dcb-8dad-ecde0909e58b,الفرق بين 54.6 و 31.4، بالإضافة إلى حاصل 6/96=؟,A,A,True,1.0017430782318115
f95609cc-90d0-49f8-a9f8-0dbc873ae552,18 * ( 2/3 ) طناً = كم طن؟,A,D,False,0.9951744079589844
f98902c9-a8d4-4c87-b242-22ba57f12aa8,اشترت دانة 9 باقات من الزهور فإذا كان سعر الباقة الواحد 36؛ فكم سعر جميع الباقات؟,A,A,True,1.0043017864227295
f9d80cc5-994d-4669-b6ad-44e3d41af433,( 111*58-148*16)/37=.,A,A,True,0.9962348937988281
fa54de3c-f583-456d-a36f-787c885ded33,تم سكب 37.5٪ من النفط في برميل في البداية، ثم سكب الـ 40٪ المتبقية في المرة الثانية، إذا بقي 30 كجم، كم كيلوغراما من النفط في البرميل؟,A,A,True,1.0183184146881104
fa76be14-66eb-4a28-a8f8-d2e77fc38f08,أوجد ناتج: 6*16=,A,A,True,1.0012898445129395
fb7f9b4e-5bb7-4578-9578-2bb1272a2e3d,مستطيل طوله 4 وعرضه 7؛ فما محيطه؟,B,B,True,0.9984967708587646
fba9b31f-aef6-4979-b327-9f29512ecc30,أوجد ناتج: 20 قسمة 4-2=,C,C,True,0.9988267421722412
fbc4cbec-744c-4caa-9bd7-4ffdf943f24d,أوجد ناتج 91*6-100؟,B,B,True,1.0014595985412598
fbe0c2a0-7633-4638-9c83-3f4ca9c8d32d,( 3/4 ) س هو 24، أوجد ( 3/8 ) س,C,C,True,0.9984731674194336
fc3d1921-b4fc-49aa-bf30-007f0d2e433f,حاصل 1800/9 مقسوما على 20 =؟,A,A,True,0.9951868057250977
fcc9ad5f-c8a0-41a3-80f9-a994d06f5ca7,إذا كنت تبيع حقيبة مدرسية بسعر 84 ريالاً، يمكنك كسب 20٪ تكلفة الحقيبة المدرسية عند شرائها، فبكم ريالا اشتريت الحقيبة؟,B,B,True,1.0110142230987549
fd8c6a11-f51d-403a-9a0f-3a7478a31c82,( 3/4 ) طن واحد مثل ثقل ( 1/4) عدد من الأطنان. أوجد هذا العدد,A,A,True,0.9966444969177246
fdc97e9e-60a8-4ed1-93f3-7776c841a577,تنتهي حصة الرياضيات بعد 24 دقيقة، وسيخرج الطلاب في استراحة قصيرة بعدها بحصتين فإذا كانت مدة كل حصة 45 دقيقة؛ فكم دقيقة بقيت لخروجهم؟,B,B,True,1.0022072792053223
fe6c997a-48d8-4e9b-b8ed-e44be511671c,إذا كانت كل صفحة من صفحات ألبوم الصور تتسع إلى 6 صور؛ فما عدد الصور التي يمكن وضعها في ألبوم عدد صفحاته 125 صفحة؟,B,B,True,1.0027918815612793
fec7a437-b1b4-43b2-a586-75e48eea9850,اشترك صالح وأصدقاؤه الثلاثة في استئجار قارب، فإذا كانت أجرة القارب في الساعة الواحدة 80 ريالاً، واستعملوا القارب 3 ساعات؛ فكم ريالاً يدفع كل واحد منهم؟,B,B,True,1.004410982131958
ff0b7b54-3f9c-4d28-9686-9640f1af5feb,أوجد العدد الذي إذا قسم على 54 كان يساوي 6 والباقي هو 20. ,C,D,False,0.9966733455657959
ff0e2b34-592e-4c09-a728-5aab01aed8ba,مع لينا 10 أقلام، ومع سارة قلمان، وتريدان تقسيمهما على 4 أشخاص؛ فكم يأخذ كل شخص؟,A,A,True,1.0043962001800537
ffca246d-7023-44b4-aedc-93c851d7db9d,ذهبت ليلى لشراء بعض التفاح فاشترت 4 تفاحات لها و4 لأختها، فتفاجأت بوجود تفاحتين فاسدتين؛ فكم تفاحة بقيت معها؟,A,B,False,1.0075225830078125
